measurement,measurement_code,panel,bin_id,pc1,pc2,pc1_var_explained,pc2_var_explained,model_dir,vocab_path
Shared centile vocabulary,shared_Q_tokens,shared_centiles,0,0.0036780722,-0.116166696,0.056822385638952255,0.05108935385942459,/gpfs/data/bbj-lab/users/daniel/input-representation-benchmark/outputs/runs/ml4h_2026/models/ml4h_llama_exp1_meds_centiles_none_fusedFalse_discrete_time_tokens-s42/checkpoint-372270,/gpfs/data/bbj-lab/users/daniel/input-representation-benchmark/outputs/runs/tokenized/mimiciv-3.1_meds_70-10-20/centiles_none_unfused_time_tokens_first_24h-tokenized/train/vocab.gzip
Shared centile vocabulary,shared_Q_tokens,shared_centiles,1,-0.10609832,-0.04166296,0.056822385638952255,0.05108935385942459,/gpfs/data/bbj-lab/users/daniel/input-representation-benchmark/outputs/runs/ml4h_2026/models/ml4h_llama_exp1_meds_centiles_none_fusedFalse_discrete_time_tokens-s42/checkpoint-372270,/gpfs/data/bbj-lab/users/daniel/input-representation-benchmark/outputs/runs/tokenized/mimiciv-3.1_meds_70-10-20/centiles_none_unfused_time_tokens_first_24h-tokenized/train/vocab.gzip
Shared centile vocabulary,shared_Q_tokens,shared_centiles,2,-0.07937159,-0.087886214,0.056822385638952255,0.05108935385942459,/gpfs/data/bbj-lab/users/daniel/input-representation-benchmark/outputs/runs/ml4h_2026/models/ml4h_llama_exp1_meds_centiles_none_fusedFalse_discrete_time_tokens-s42/checkpoint-372270,/gpfs/data/bbj-lab/users/daniel/input-representation-benchmark/outputs/runs/tokenized/mimiciv-3.1_meds_70-10-20/centiles_none_unfused_time_tokens_first_24h-tokenized/train/vocab.gzip
Shared centile vocabulary,shared_Q_tokens,shared_centiles,3,-0.09881926,-0.13309948,0.056822385638952255,0.05108935385942459,/gpfs/data/bbj-lab/users/daniel/input-representation-benchmark/outputs/runs/ml4h_2026/models/ml4h_llama_exp1_meds_centiles_none_fusedFalse_discrete_time_tokens-s42/checkpoint-372270,/gpfs/data/bbj-lab/users/daniel/input-representation-benchmark/outputs/runs/tokenized/mimiciv-3.1_meds_70-10-20/centiles_none_unfused_time_tokens_first_24h-tokenized/train/vocab.gzip
Shared centile vocabulary,shared_Q_tokens,shared_centiles,4,-0.010682777,-0.22874448,0.056822385638952255,0.05108935385942459,/gpfs/data/bbj-lab/users/daniel/input-representation-benchmark/outputs/runs/ml4h_2026/models/ml4h_llama_exp1_meds_centiles_none_fusedFalse_discrete_time_tokens-s42/checkpoint-372270,/gpfs/data/bbj-lab/users/daniel/input-representation-benchmark/outputs/runs/tokenized/mimiciv-3.1_meds_70-10-20/centiles_none_unfused_time_tokens_first_24h-tokenized/train/vocab.gzip
Shared centile vocabulary,shared_Q_tokens,shared_centiles,5,0.004086213,-0.17573087,0.056822385638952255,0.05108935385942459,/gpfs/data/bbj-lab/users/daniel/input-representation-benchmark/outputs/runs/ml4h_2026/models/ml4h_llama_exp1_meds_centiles_none_fusedFalse_discrete_time_tokens-s42/checkpoint-372270,/gpfs/data/bbj-lab/users/daniel/input-representation-benchmark/outputs/runs/tokenized/mimiciv-3.1_meds_70-10-20/centiles_none_unfused_time_tokens_first_24h-tokenized/train/vocab.gzip
Shared centile vocabulary,shared_Q_tokens,shared_centiles,6,0.068807736,-0.2022304,0.056822385638952255,0.05108935385942459,/gpfs/data/bbj-lab/users/daniel/input-representation-benchmark/outputs/runs/ml4h_2026/models/ml4h_llama_exp1_meds_centiles_none_fusedFalse_discrete_time_tokens-s42/checkpoint-372270,/gpfs/data/bbj-lab/users/daniel/input-representation-benchmark/outputs/runs/tokenized/mimiciv-3.1_meds_70-10-20/centiles_none_unfused_time_tokens_first_24h-tokenized/train/vocab.gzip
Shared centile vocabulary,shared_Q_tokens,shared_centiles,7,0.110623516,-0.2577715,0.056822385638952255,0.05108935385942459,/gpfs/data/bbj-lab/users/daniel/input-representation-benchmark/outputs/runs/ml4h_2026/models/ml4h_llama_exp1_meds_centiles_none_fusedFalse_discrete_time_tokens-s42/checkpoint-372270,/gpfs/data/bbj-lab/users/daniel/input-representation-benchmark/outputs/runs/tokenized/mimiciv-3.1_meds_70-10-20/centiles_none_unfused_time_tokens_first_24h-tokenized/train/vocab.gzip
Shared centile vocabulary,shared_Q_tokens,shared_centiles,8,0.15020615,-0.34645638,0.056822385638952255,0.05108935385942459,/gpfs/data/bbj-lab/users/daniel/input-representation-benchmark/outputs/runs/ml4h_2026/models/ml4h_llama_exp1_meds_centiles_none_fusedFalse_discrete_time_tokens-s42/checkpoint-372270,/gpfs/data/bbj-lab/users/daniel/input-representation-benchmark/outputs/runs/tokenized/mimiciv-3.1_meds_70-10-20/centiles_none_unfused_time_tokens_first_24h-tokenized/train/vocab.gzip
Shared centile vocabulary,shared_Q_tokens,shared_centiles,9,0.20981848,-0.31866395,0.056822385638952255,0.05108935385942459,/gpfs/data/bbj-lab/users/daniel/input-representation-benchmark/outputs/runs/ml4h_2026/models/ml4h_llama_exp1_meds_centiles_none_fusedFalse_discrete_time_tokens-s42/checkpoint-372270,/gpfs/data/bbj-lab/users/daniel/input-representation-benchmark/outputs/runs/tokenized/mimiciv-3.1_meds_70-10-20/centiles_none_unfused_time_tokens_first_24h-tokenized/train/vocab.gzip
Shared centile vocabulary,shared_Q_tokens,shared_centiles,10,0.22963591,-0.33804047,0.056822385638952255,0.05108935385942459,/gpfs/data/bbj-lab/users/daniel/input-representation-benchmark/outputs/runs/ml4h_2026/models/ml4h_llama_exp1_meds_centiles_none_fusedFalse_discrete_time_tokens-s42/checkpoint-372270,/gpfs/data/bbj-lab/users/daniel/input-representation-benchmark/outputs/runs/tokenized/mimiciv-3.1_meds_70-10-20/centiles_none_unfused_time_tokens_first_24h-tokenized/train/vocab.gzip
Shared centile vocabulary,shared_Q_tokens,shared_centiles,11,0.12216096,-0.2948215,0.056822385638952255,0.05108935385942459,/gpfs/data/bbj-lab/users/daniel/input-representation-benchmark/outputs/runs/ml4h_2026/models/ml4h_llama_exp1_meds_centiles_none_fusedFalse_discrete_time_tokens-s42/checkpoint-372270,/gpfs/data/bbj-lab/users/daniel/input-representation-benchmark/outputs/runs/tokenized/mimiciv-3.1_meds_70-10-20/centiles_none_unfused_time_tokens_first_24h-tokenized/train/vocab.gzip
Shared centile vocabulary,shared_Q_tokens,shared_centiles,12,0.17728534,-0.36712062,0.056822385638952255,0.05108935385942459,/gpfs/data/bbj-lab/users/daniel/input-representation-benchmark/outputs/runs/ml4h_2026/models/ml4h_llama_exp1_meds_centiles_none_fusedFalse_discrete_time_tokens-s42/checkpoint-372270,/gpfs/data/bbj-lab/users/daniel/input-representation-benchmark/outputs/runs/tokenized/mimiciv-3.1_meds_70-10-20/centiles_none_unfused_time_tokens_first_24h-tokenized/train/vocab.gzip
Shared centile vocabulary,shared_Q_tokens,shared_centiles,13,0.21843868,-0.37834984,0.056822385638952255,0.05108935385942459,/gpfs/data/bbj-lab/users/daniel/input-representation-benchmark/outputs/runs/ml4h_2026/models/ml4h_llama_exp1_meds_centiles_none_fusedFalse_discrete_time_tokens-s42/checkpoint-372270,/gpfs/data/bbj-lab/users/daniel/input-representation-benchmark/outputs/runs/tokenized/mimiciv-3.1_meds_70-10-20/centiles_none_unfused_time_tokens_first_24h-tokenized/train/vocab.gzip
Shared centile vocabulary,shared_Q_tokens,shared_centiles,14,0.29615942,-0.39096335,0.056822385638952255,0.05108935385942459,/gpfs/data/bbj-lab/users/daniel/input-representation-benchmark/outputs/runs/ml4h_2026/models/ml4h_llama_exp1_meds_centiles_none_fusedFalse_discrete_time_tokens-s42/checkpoint-372270,/gpfs/data/bbj-lab/users/daniel/input-representation-benchmark/outputs/runs/tokenized/mimiciv-3.1_meds_70-10-20/centiles_none_unfused_time_tokens_first_24h-tokenized/train/vocab.gzip
Shared centile vocabulary,shared_Q_tokens,shared_centiles,15,0.323692,-0.46101207,0.056822385638952255,0.05108935385942459,/gpfs/data/bbj-lab/users/daniel/input-representation-benchmark/outputs/runs/ml4h_2026/models/ml4h_llama_exp1_meds_centiles_none_fusedFalse_discrete_time_tokens-s42/checkpoint-372270,/gpfs/data/bbj-lab/users/daniel/input-representation-benchmark/outputs/runs/tokenized/mimiciv-3.1_meds_70-10-20/centiles_none_unfused_time_tokens_first_24h-tokenized/train/vocab.gzip
Shared centile vocabulary,shared_Q_tokens,shared_centiles,16,0.3379196,-0.38941282,0.056822385638952255,0.05108935385942459,/gpfs/data/bbj-lab/users/daniel/input-representation-benchmark/outputs/runs/ml4h_2026/models/ml4h_llama_exp1_meds_centiles_none_fusedFalse_discrete_time_tokens-s42/checkpoint-372270,/gpfs/data/bbj-lab/users/daniel/input-representation-benchmark/outputs/runs/tokenized/mimiciv-3.1_meds_70-10-20/centiles_none_unfused_time_tokens_first_24h-tokenized/train/vocab.gzip
Shared centile vocabulary,shared_Q_tokens,shared_centiles,17,0.35671052,-0.36154974,0.056822385638952255,0.05108935385942459,/gpfs/data/bbj-lab/users/daniel/input-representation-benchmark/outputs/runs/ml4h_2026/models/ml4h_llama_exp1_meds_centiles_none_fusedFalse_discrete_time_tokens-s42/checkpoint-372270,/gpfs/data/bbj-lab/users/daniel/input-representation-benchmark/outputs/runs/tokenized/mimiciv-3.1_meds_70-10-20/centiles_none_unfused_time_tokens_first_24h-tokenized/train/vocab.gzip
Shared centile vocabulary,shared_Q_tokens,shared_centiles,18,0.37948895,-0.284209,0.056822385638952255,0.05108935385942459,/gpfs/data/bbj-lab/users/daniel/input-representation-benchmark/outputs/runs/ml4h_2026/models/ml4h_llama_exp1_meds_centiles_none_fusedFalse_discrete_time_tokens-s42/checkpoint-372270,/gpfs/data/bbj-lab/users/daniel/input-representation-benchmark/outputs/runs/tokenized/mimiciv-3.1_meds_70-10-20/centiles_none_unfused_time_tokens_first_24h-tokenized/train/vocab.gzip
Shared centile vocabulary,shared_Q_tokens,shared_centiles,19,0.4237852,-0.22000544,0.056822385638952255,0.05108935385942459,/gpfs/data/bbj-lab/users/daniel/input-representation-benchmark/outputs/runs/ml4h_2026/models/ml4h_llama_exp1_meds_centiles_none_fusedFalse_discrete_time_tokens-s42/checkpoint-372270,/gpfs/data/bbj-lab/users/daniel/input-representation-benchmark/outputs/runs/tokenized/mimiciv-3.1_meds_70-10-20/centiles_none_unfused_time_tokens_first_24h-tokenized/train/vocab.gzip
Shared centile vocabulary,shared_Q_tokens,shared_centiles,20,0.35772246,-0.17796472,0.056822385638952255,0.05108935385942459,/gpfs/data/bbj-lab/users/daniel/input-representation-benchmark/outputs/runs/ml4h_2026/models/ml4h_llama_exp1_meds_centiles_none_fusedFalse_discrete_time_tokens-s42/checkpoint-372270,/gpfs/data/bbj-lab/users/daniel/input-representation-benchmark/outputs/runs/tokenized/mimiciv-3.1_meds_70-10-20/centiles_none_unfused_time_tokens_first_24h-tokenized/train/vocab.gzip
Shared centile vocabulary,shared_Q_tokens,shared_centiles,21,0.3894397,-0.05915258,0.056822385638952255,0.05108935385942459,/gpfs/data/bbj-lab/users/daniel/input-representation-benchmark/outputs/runs/ml4h_2026/models/ml4h_llama_exp1_meds_centiles_none_fusedFalse_discrete_time_tokens-s42/checkpoint-372270,/gpfs/data/bbj-lab/users/daniel/input-representation-benchmark/outputs/runs/tokenized/mimiciv-3.1_meds_70-10-20/centiles_none_unfused_time_tokens_first_24h-tokenized/train/vocab.gzip
Shared centile vocabulary,shared_Q_tokens,shared_centiles,22,0.4045751,-0.0059530195,0.056822385638952255,0.05108935385942459,/gpfs/data/bbj-lab/users/daniel/input-representation-benchmark/outputs/runs/ml4h_2026/models/ml4h_llama_exp1_meds_centiles_none_fusedFalse_discrete_time_tokens-s42/checkpoint-372270,/gpfs/data/bbj-lab/users/daniel/input-representation-benchmark/outputs/runs/tokenized/mimiciv-3.1_meds_70-10-20/centiles_none_unfused_time_tokens_first_24h-tokenized/train/vocab.gzip
Shared centile vocabulary,shared_Q_tokens,shared_centiles,23,0.40828684,0.05923979,0.056822385638952255,0.05108935385942459,/gpfs/data/bbj-lab/users/daniel/input-representation-benchmark/outputs/runs/ml4h_2026/models/ml4h_llama_exp1_meds_centiles_none_fusedFalse_discrete_time_tokens-s42/checkpoint-372270,/gpfs/data/bbj-lab/users/daniel/input-representation-benchmark/outputs/runs/tokenized/mimiciv-3.1_meds_70-10-20/centiles_none_unfused_time_tokens_first_24h-tokenized/train/vocab.gzip
Shared centile vocabulary,shared_Q_tokens,shared_centiles,24,0.44317394,0.05931542,0.056822385638952255,0.05108935385942459,/gpfs/data/bbj-lab/users/daniel/input-representation-benchmark/outputs/runs/ml4h_2026/models/ml4h_llama_exp1_meds_centiles_none_fusedFalse_discrete_time_tokens-s42/checkpoint-372270,/gpfs/data/bbj-lab/users/daniel/input-representation-benchmark/outputs/runs/tokenized/mimiciv-3.1_meds_70-10-20/centiles_none_unfused_time_tokens_first_24h-tokenized/train/vocab.gzip
Shared centile vocabulary,shared_Q_tokens,shared_centiles,25,0.44222564,0.23568583,0.056822385638952255,0.05108935385942459,/gpfs/data/bbj-lab/users/daniel/input-representation-benchmark/outputs/runs/ml4h_2026/models/ml4h_llama_exp1_meds_centiles_none_fusedFalse_discrete_time_tokens-s42/checkpoint-372270,/gpfs/data/bbj-lab/users/daniel/input-representation-benchmark/outputs/runs/tokenized/mimiciv-3.1_meds_70-10-20/centiles_none_unfused_time_tokens_first_24h-tokenized/train/vocab.gzip
Shared centile vocabulary,shared_Q_tokens,shared_centiles,26,0.40954065,0.2496613,0.056822385638952255,0.05108935385942459,/gpfs/data/bbj-lab/users/daniel/input-representation-benchmark/outputs/runs/ml4h_2026/models/ml4h_llama_exp1_meds_centiles_none_fusedFalse_discrete_time_tokens-s42/checkpoint-372270,/gpfs/data/bbj-lab/users/daniel/input-representation-benchmark/outputs/runs/tokenized/mimiciv-3.1_meds_70-10-20/centiles_none_unfused_time_tokens_first_24h-tokenized/train/vocab.gzip
Shared centile vocabulary,shared_Q_tokens,shared_centiles,27,0.30483377,0.2748825,0.056822385638952255,0.05108935385942459,/gpfs/data/bbj-lab/users/daniel/input-representation-benchmark/outputs/runs/ml4h_2026/models/ml4h_llama_exp1_meds_centiles_none_fusedFalse_discrete_time_tokens-s42/checkpoint-372270,/gpfs/data/bbj-lab/users/daniel/input-representation-benchmark/outputs/runs/tokenized/mimiciv-3.1_meds_70-10-20/centiles_none_unfused_time_tokens_first_24h-tokenized/train/vocab.gzip
Shared centile vocabulary,shared_Q_tokens,shared_centiles,28,0.25705272,0.28682268,0.056822385638952255,0.05108935385942459,/gpfs/data/bbj-lab/users/daniel/input-representation-benchmark/outputs/runs/ml4h_2026/models/ml4h_llama_exp1_meds_centiles_none_fusedFalse_discrete_time_tokens-s42/checkpoint-372270,/gpfs/data/bbj-lab/users/daniel/input-representation-benchmark/outputs/runs/tokenized/mimiciv-3.1_meds_70-10-20/centiles_none_unfused_time_tokens_first_24h-tokenized/train/vocab.gzip
Shared centile vocabulary,shared_Q_tokens,shared_centiles,29,0.23890966,0.3319955,0.056822385638952255,0.05108935385942459,/gpfs/data/bbj-lab/users/daniel/input-representation-benchmark/outputs/runs/ml4h_2026/models/ml4h_llama_exp1_meds_centiles_none_fusedFalse_discrete_time_tokens-s42/checkpoint-372270,/gpfs/data/bbj-lab/users/daniel/input-representation-benchmark/outputs/runs/tokenized/mimiciv-3.1_meds_70-10-20/centiles_none_unfused_time_tokens_first_24h-tokenized/train/vocab.gzip
Shared centile vocabulary,shared_Q_tokens,shared_centiles,30,0.21632299,0.36601698,0.056822385638952255,0.05108935385942459,/gpfs/data/bbj-lab/users/daniel/input-representation-benchmark/outputs/runs/ml4h_2026/models/ml4h_llama_exp1_meds_centiles_none_fusedFalse_discrete_time_tokens-s42/checkpoint-372270,/gpfs/data/bbj-lab/users/daniel/input-representation-benchmark/outputs/runs/tokenized/mimiciv-3.1_meds_70-10-20/centiles_none_unfused_time_tokens_first_24h-tokenized/train/vocab.gzip
Shared centile vocabulary,shared_Q_tokens,shared_centiles,31,0.1804454,0.4711878,0.056822385638952255,0.05108935385942459,/gpfs/data/bbj-lab/users/daniel/input-representation-benchmark/outputs/runs/ml4h_2026/models/ml4h_llama_exp1_meds_centiles_none_fusedFalse_discrete_time_tokens-s42/checkpoint-372270,/gpfs/data/bbj-lab/users/daniel/input-representation-benchmark/outputs/runs/tokenized/mimiciv-3.1_meds_70-10-20/centiles_none_unfused_time_tokens_first_24h-tokenized/train/vocab.gzip
Shared centile vocabulary,shared_Q_tokens,shared_centiles,32,0.1291007,0.50643,0.056822385638952255,0.05108935385942459,/gpfs/data/bbj-lab/users/daniel/input-representation-benchmark/outputs/runs/ml4h_2026/models/ml4h_llama_exp1_meds_centiles_none_fusedFalse_discrete_time_tokens-s42/checkpoint-372270,/gpfs/data/bbj-lab/users/daniel/input-representation-benchmark/outputs/runs/tokenized/mimiciv-3.1_meds_70-10-20/centiles_none_unfused_time_tokens_first_24h-tokenized/train/vocab.gzip
Shared centile vocabulary,shared_Q_tokens,shared_centiles,33,0.03140669,0.46119663,0.056822385638952255,0.05108935385942459,/gpfs/data/bbj-lab/users/daniel/input-representation-benchmark/outputs/runs/ml4h_2026/models/ml4h_llama_exp1_meds_centiles_none_fusedFalse_discrete_time_tokens-s42/checkpoint-372270,/gpfs/data/bbj-lab/users/daniel/input-representation-benchmark/outputs/runs/tokenized/mimiciv-3.1_meds_70-10-20/centiles_none_unfused_time_tokens_first_24h-tokenized/train/vocab.gzip
Shared centile vocabulary,shared_Q_tokens,shared_centiles,34,0.05858284,0.4763102,0.056822385638952255,0.05108935385942459,/gpfs/data/bbj-lab/users/daniel/input-representation-benchmark/outputs/runs/ml4h_2026/models/ml4h_llama_exp1_meds_centiles_none_fusedFalse_discrete_time_tokens-s42/checkpoint-372270,/gpfs/data/bbj-lab/users/daniel/input-representation-benchmark/outputs/runs/tokenized/mimiciv-3.1_meds_70-10-20/centiles_none_unfused_time_tokens_first_24h-tokenized/train/vocab.gzip
Shared centile vocabulary,shared_Q_tokens,shared_centiles,35,0.018583458,0.5057241,0.056822385638952255,0.05108935385942459,/gpfs/data/bbj-lab/users/daniel/input-representation-benchmark/outputs/runs/ml4h_2026/models/ml4h_llama_exp1_meds_centiles_none_fusedFalse_discrete_time_tokens-s42/checkpoint-372270,/gpfs/data/bbj-lab/users/daniel/input-representation-benchmark/outputs/runs/tokenized/mimiciv-3.1_meds_70-10-20/centiles_none_unfused_time_tokens_first_24h-tokenized/train/vocab.gzip
Shared centile vocabulary,shared_Q_tokens,shared_centiles,36,-0.038237467,0.4635409,0.056822385638952255,0.05108935385942459,/gpfs/data/bbj-lab/users/daniel/input-representation-benchmark/outputs/runs/ml4h_2026/models/ml4h_llama_exp1_meds_centiles_none_fusedFalse_discrete_time_tokens-s42/checkpoint-372270,/gpfs/data/bbj-lab/users/daniel/input-representation-benchmark/outputs/runs/tokenized/mimiciv-3.1_meds_70-10-20/centiles_none_unfused_time_tokens_first_24h-tokenized/train/vocab.gzip
Shared centile vocabulary,shared_Q_tokens,shared_centiles,37,-0.09391464,0.5474872,0.056822385638952255,0.05108935385942459,/gpfs/data/bbj-lab/users/daniel/input-representation-benchmark/outputs/runs/ml4h_2026/models/ml4h_llama_exp1_meds_centiles_none_fusedFalse_discrete_time_tokens-s42/checkpoint-372270,/gpfs/data/bbj-lab/users/daniel/input-representation-benchmark/outputs/runs/tokenized/mimiciv-3.1_meds_70-10-20/centiles_none_unfused_time_tokens_first_24h-tokenized/train/vocab.gzip
Shared centile vocabulary,shared_Q_tokens,shared_centiles,38,-0.1040438,0.5400839,0.056822385638952255,0.05108935385942459,/gpfs/data/bbj-lab/users/daniel/input-representation-benchmark/outputs/runs/ml4h_2026/models/ml4h_llama_exp1_meds_centiles_none_fusedFalse_discrete_time_tokens-s42/checkpoint-372270,/gpfs/data/bbj-lab/users/daniel/input-representation-benchmark/outputs/runs/tokenized/mimiciv-3.1_meds_70-10-20/centiles_none_unfused_time_tokens_first_24h-tokenized/train/vocab.gzip
Shared centile vocabulary,shared_Q_tokens,shared_centiles,39,-0.16731293,0.488688,0.056822385638952255,0.05108935385942459,/gpfs/data/bbj-lab/users/daniel/input-representation-benchmark/outputs/runs/ml4h_2026/models/ml4h_llama_exp1_meds_centiles_none_fusedFalse_discrete_time_tokens-s42/checkpoint-372270,/gpfs/data/bbj-lab/users/daniel/input-representation-benchmark/outputs/runs/tokenized/mimiciv-3.1_meds_70-10-20/centiles_none_unfused_time_tokens_first_24h-tokenized/train/vocab.gzip
Shared centile vocabulary,shared_Q_tokens,shared_centiles,40,-0.15896256,0.3966733,0.056822385638952255,0.05108935385942459,/gpfs/data/bbj-lab/users/daniel/input-representation-benchmark/outputs/runs/ml4h_2026/models/ml4h_llama_exp1_meds_centiles_none_fusedFalse_discrete_time_tokens-s42/checkpoint-372270,/gpfs/data/bbj-lab/users/daniel/input-representation-benchmark/outputs/runs/tokenized/mimiciv-3.1_meds_70-10-20/centiles_none_unfused_time_tokens_first_24h-tokenized/train/vocab.gzip
Shared centile vocabulary,shared_Q_tokens,shared_centiles,41,-0.18645069,0.51352084,0.056822385638952255,0.05108935385942459,/gpfs/data/bbj-lab/users/daniel/input-representation-benchmark/outputs/runs/ml4h_2026/models/ml4h_llama_exp1_meds_centiles_none_fusedFalse_discrete_time_tokens-s42/checkpoint-372270,/gpfs/data/bbj-lab/users/daniel/input-representation-benchmark/outputs/runs/tokenized/mimiciv-3.1_meds_70-10-20/centiles_none_unfused_time_tokens_first_24h-tokenized/train/vocab.gzip
Shared centile vocabulary,shared_Q_tokens,shared_centiles,42,-0.19415903,0.44378507,0.056822385638952255,0.05108935385942459,/gpfs/data/bbj-lab/users/daniel/input-representation-benchmark/outputs/runs/ml4h_2026/models/ml4h_llama_exp1_meds_centiles_none_fusedFalse_discrete_time_tokens-s42/checkpoint-372270,/gpfs/data/bbj-lab/users/daniel/input-representation-benchmark/outputs/runs/tokenized/mimiciv-3.1_meds_70-10-20/centiles_none_unfused_time_tokens_first_24h-tokenized/train/vocab.gzip
Shared centile vocabulary,shared_Q_tokens,shared_centiles,43,-0.15028585,0.42443037,0.056822385638952255,0.05108935385942459,/gpfs/data/bbj-lab/users/daniel/input-representation-benchmark/outputs/runs/ml4h_2026/models/ml4h_llama_exp1_meds_centiles_none_fusedFalse_discrete_time_tokens-s42/checkpoint-372270,/gpfs/data/bbj-lab/users/daniel/input-representation-benchmark/outputs/runs/tokenized/mimiciv-3.1_meds_70-10-20/centiles_none_unfused_time_tokens_first_24h-tokenized/train/vocab.gzip
Shared centile vocabulary,shared_Q_tokens,shared_centiles,44,-0.18211383,0.37905183,0.056822385638952255,0.05108935385942459,/gpfs/data/bbj-lab/users/daniel/input-representation-benchmark/outputs/runs/ml4h_2026/models/ml4h_llama_exp1_meds_centiles_none_fusedFalse_discrete_time_tokens-s42/checkpoint-372270,/gpfs/data/bbj-lab/users/daniel/input-representation-benchmark/outputs/runs/tokenized/mimiciv-3.1_meds_70-10-20/centiles_none_unfused_time_tokens_first_24h-tokenized/train/vocab.gzip
Shared centile vocabulary,shared_Q_tokens,shared_centiles,45,-0.09922167,0.29063398,0.056822385638952255,0.05108935385942459,/gpfs/data/bbj-lab/users/daniel/input-representation-benchmark/outputs/runs/ml4h_2026/models/ml4h_llama_exp1_meds_centiles_none_fusedFalse_discrete_time_tokens-s42/checkpoint-372270,/gpfs/data/bbj-lab/users/daniel/input-representation-benchmark/outputs/runs/tokenized/mimiciv-3.1_meds_70-10-20/centiles_none_unfused_time_tokens_first_24h-tokenized/train/vocab.gzip
Shared centile vocabulary,shared_Q_tokens,shared_centiles,46,-0.18045062,0.4262656,0.056822385638952255,0.05108935385942459,/gpfs/data/bbj-lab/users/daniel/input-representation-benchmark/outputs/runs/ml4h_2026/models/ml4h_llama_exp1_meds_centiles_none_fusedFalse_discrete_time_tokens-s42/checkpoint-372270,/gpfs/data/bbj-lab/users/daniel/input-representation-benchmark/outputs/runs/tokenized/mimiciv-3.1_meds_70-10-20/centiles_none_unfused_time_tokens_first_24h-tokenized/train/vocab.gzip
Shared centile vocabulary,shared_Q_tokens,shared_centiles,47,-0.11018244,0.38939232,0.056822385638952255,0.05108935385942459,/gpfs/data/bbj-lab/users/daniel/input-representation-benchmark/outputs/runs/ml4h_2026/models/ml4h_llama_exp1_meds_centiles_none_fusedFalse_discrete_time_tokens-s42/checkpoint-372270,/gpfs/data/bbj-lab/users/daniel/input-representation-benchmark/outputs/runs/tokenized/mimiciv-3.1_meds_70-10-20/centiles_none_unfused_time_tokens_first_24h-tokenized/train/vocab.gzip
Shared centile vocabulary,shared_Q_tokens,shared_centiles,48,-0.14564882,0.29374826,0.056822385638952255,0.05108935385942459,/gpfs/data/bbj-lab/users/daniel/input-representation-benchmark/outputs/runs/ml4h_2026/models/ml4h_llama_exp1_meds_centiles_none_fusedFalse_discrete_time_tokens-s42/checkpoint-372270,/gpfs/data/bbj-lab/users/daniel/input-representation-benchmark/outputs/runs/tokenized/mimiciv-3.1_meds_70-10-20/centiles_none_unfused_time_tokens_first_24h-tokenized/train/vocab.gzip
Shared centile vocabulary,shared_Q_tokens,shared_centiles,49,-0.22460303,0.33176428,0.056822385638952255,0.05108935385942459,/gpfs/data/bbj-lab/users/daniel/input-representation-benchmark/outputs/runs/ml4h_2026/models/ml4h_llama_exp1_meds_centiles_none_fusedFalse_discrete_time_tokens-s42/checkpoint-372270,/gpfs/data/bbj-lab/users/daniel/input-representation-benchmark/outputs/runs/tokenized/mimiciv-3.1_meds_70-10-20/centiles_none_unfused_time_tokens_first_24h-tokenized/train/vocab.gzip
Shared centile vocabulary,shared_Q_tokens,shared_centiles,50,-0.20782313,0.1907596,0.056822385638952255,0.05108935385942459,/gpfs/data/bbj-lab/users/daniel/input-representation-benchmark/outputs/runs/ml4h_2026/models/ml4h_llama_exp1_meds_centiles_none_fusedFalse_discrete_time_tokens-s42/checkpoint-372270,/gpfs/data/bbj-lab/users/daniel/input-representation-benchmark/outputs/runs/tokenized/mimiciv-3.1_meds_70-10-20/centiles_none_unfused_time_tokens_first_24h-tokenized/train/vocab.gzip
Shared centile vocabulary,shared_Q_tokens,shared_centiles,51,-0.19323641,0.14293672,0.056822385638952255,0.05108935385942459,/gpfs/data/bbj-lab/users/daniel/input-representation-benchmark/outputs/runs/ml4h_2026/models/ml4h_llama_exp1_meds_centiles_none_fusedFalse_discrete_time_tokens-s42/checkpoint-372270,/gpfs/data/bbj-lab/users/daniel/input-representation-benchmark/outputs/runs/tokenized/mimiciv-3.1_meds_70-10-20/centiles_none_unfused_time_tokens_first_24h-tokenized/train/vocab.gzip
Shared centile vocabulary,shared_Q_tokens,shared_centiles,52,-0.25140786,0.24788317,0.056822385638952255,0.05108935385942459,/gpfs/data/bbj-lab/users/daniel/input-representation-benchmark/outputs/runs/ml4h_2026/models/ml4h_llama_exp1_meds_centiles_none_fusedFalse_discrete_time_tokens-s42/checkpoint-372270,/gpfs/data/bbj-lab/users/daniel/input-representation-benchmark/outputs/runs/tokenized/mimiciv-3.1_meds_70-10-20/centiles_none_unfused_time_tokens_first_24h-tokenized/train/vocab.gzip
Shared centile vocabulary,shared_Q_tokens,shared_centiles,53,-0.25327045,0.28085533,0.056822385638952255,0.05108935385942459,/gpfs/data/bbj-lab/users/daniel/input-representation-benchmark/outputs/runs/ml4h_2026/models/ml4h_llama_exp1_meds_centiles_none_fusedFalse_discrete_time_tokens-s42/checkpoint-372270,/gpfs/data/bbj-lab/users/daniel/input-representation-benchmark/outputs/runs/tokenized/mimiciv-3.1_meds_70-10-20/centiles_none_unfused_time_tokens_first_24h-tokenized/train/vocab.gzip
Shared centile vocabulary,shared_Q_tokens,shared_centiles,54,-0.25221968,0.2793113,0.056822385638952255,0.05108935385942459,/gpfs/data/bbj-lab/users/daniel/input-representation-benchmark/outputs/runs/ml4h_2026/models/ml4h_llama_exp1_meds_centiles_none_fusedFalse_discrete_time_tokens-s42/checkpoint-372270,/gpfs/data/bbj-lab/users/daniel/input-representation-benchmark/outputs/runs/tokenized/mimiciv-3.1_meds_70-10-20/centiles_none_unfused_time_tokens_first_24h-tokenized/train/vocab.gzip
Shared centile vocabulary,shared_Q_tokens,shared_centiles,55,-0.31654006,0.18621469,0.056822385638952255,0.05108935385942459,/gpfs/data/bbj-lab/users/daniel/input-representation-benchmark/outputs/runs/ml4h_2026/models/ml4h_llama_exp1_meds_centiles_none_fusedFalse_discrete_time_tokens-s42/checkpoint-372270,/gpfs/data/bbj-lab/users/daniel/input-representation-benchmark/outputs/runs/tokenized/mimiciv-3.1_meds_70-10-20/centiles_none_unfused_time_tokens_first_24h-tokenized/train/vocab.gzip
Shared centile vocabulary,shared_Q_tokens,shared_centiles,56,-0.33760557,0.104705416,0.056822385638952255,0.05108935385942459,/gpfs/data/bbj-lab/users/daniel/input-representation-benchmark/outputs/runs/ml4h_2026/models/ml4h_llama_exp1_meds_centiles_none_fusedFalse_discrete_time_tokens-s42/checkpoint-372270,/gpfs/data/bbj-lab/users/daniel/input-representation-benchmark/outputs/runs/tokenized/mimiciv-3.1_meds_70-10-20/centiles_none_unfused_time_tokens_first_24h-tokenized/train/vocab.gzip
Shared centile vocabulary,shared_Q_tokens,shared_centiles,57,-0.37149975,0.07113211,0.056822385638952255,0.05108935385942459,/gpfs/data/bbj-lab/users/daniel/input-representation-benchmark/outputs/runs/ml4h_2026/models/ml4h_llama_exp1_meds_centiles_none_fusedFalse_discrete_time_tokens-s42/checkpoint-372270,/gpfs/data/bbj-lab/users/daniel/input-representation-benchmark/outputs/runs/tokenized/mimiciv-3.1_meds_70-10-20/centiles_none_unfused_time_tokens_first_24h-tokenized/train/vocab.gzip
Shared centile vocabulary,shared_Q_tokens,shared_centiles,58,-0.463521,-0.0060194572,0.056822385638952255,0.05108935385942459,/gpfs/data/bbj-lab/users/daniel/input-representation-benchmark/outputs/runs/ml4h_2026/models/ml4h_llama_exp1_meds_centiles_none_fusedFalse_discrete_time_tokens-s42/checkpoint-372270,/gpfs/data/bbj-lab/users/daniel/input-representation-benchmark/outputs/runs/tokenized/mimiciv-3.1_meds_70-10-20/centiles_none_unfused_time_tokens_first_24h-tokenized/train/vocab.gzip
Shared centile vocabulary,shared_Q_tokens,shared_centiles,59,-0.46254638,-0.049859278,0.056822385638952255,0.05108935385942459,/gpfs/data/bbj-lab/users/daniel/input-representation-benchmark/outputs/runs/ml4h_2026/models/ml4h_llama_exp1_meds_centiles_none_fusedFalse_discrete_time_tokens-s42/checkpoint-372270,/gpfs/data/bbj-lab/users/daniel/input-representation-benchmark/outputs/runs/tokenized/mimiciv-3.1_meds_70-10-20/centiles_none_unfused_time_tokens_first_24h-tokenized/train/vocab.gzip
Shared centile vocabulary,shared_Q_tokens,shared_centiles,60,-0.5342422,-0.08202402,0.056822385638952255,0.05108935385942459,/gpfs/data/bbj-lab/users/daniel/input-representation-benchmark/outputs/runs/ml4h_2026/models/ml4h_llama_exp1_meds_centiles_none_fusedFalse_discrete_time_tokens-s42/checkpoint-372270,/gpfs/data/bbj-lab/users/daniel/input-representation-benchmark/outputs/runs/tokenized/mimiciv-3.1_meds_70-10-20/centiles_none_unfused_time_tokens_first_24h-tokenized/train/vocab.gzip
Shared centile vocabulary,shared_Q_tokens,shared_centiles,61,-0.567391,-0.16151431,0.056822385638952255,0.05108935385942459,/gpfs/data/bbj-lab/users/daniel/input-representation-benchmark/outputs/runs/ml4h_2026/models/ml4h_llama_exp1_meds_centiles_none_fusedFalse_discrete_time_tokens-s42/checkpoint-372270,/gpfs/data/bbj-lab/users/daniel/input-representation-benchmark/outputs/runs/tokenized/mimiciv-3.1_meds_70-10-20/centiles_none_unfused_time_tokens_first_24h-tokenized/train/vocab.gzip
Shared centile vocabulary,shared_Q_tokens,shared_centiles,62,-0.64597416,-0.21630779,0.056822385638952255,0.05108935385942459,/gpfs/data/bbj-lab/users/daniel/input-representation-benchmark/outputs/runs/ml4h_2026/models/ml4h_llama_exp1_meds_centiles_none_fusedFalse_discrete_time_tokens-s42/checkpoint-372270,/gpfs/data/bbj-lab/users/daniel/input-representation-benchmark/outputs/runs/tokenized/mimiciv-3.1_meds_70-10-20/centiles_none_unfused_time_tokens_first_24h-tokenized/train/vocab.gzip
Shared centile vocabulary,shared_Q_tokens,shared_centiles,63,-0.6399566,-0.26823473,0.056822385638952255,0.05108935385942459,/gpfs/data/bbj-lab/users/daniel/input-representation-benchmark/outputs/runs/ml4h_2026/models/ml4h_llama_exp1_meds_centiles_none_fusedFalse_discrete_time_tokens-s42/checkpoint-372270,/gpfs/data/bbj-lab/users/daniel/input-representation-benchmark/outputs/runs/tokenized/mimiciv-3.1_meds_70-10-20/centiles_none_unfused_time_tokens_first_24h-tokenized/train/vocab.gzip
Shared centile vocabulary,shared_Q_tokens,shared_centiles,64,-0.6095338,-0.26029867,0.056822385638952255,0.05108935385942459,/gpfs/data/bbj-lab/users/daniel/input-representation-benchmark/outputs/runs/ml4h_2026/models/ml4h_llama_exp1_meds_centiles_none_fusedFalse_discrete_time_tokens-s42/checkpoint-372270,/gpfs/data/bbj-lab/users/daniel/input-representation-benchmark/outputs/runs/tokenized/mimiciv-3.1_meds_70-10-20/centiles_none_unfused_time_tokens_first_24h-tokenized/train/vocab.gzip
Shared centile vocabulary,shared_Q_tokens,shared_centiles,65,-0.57952356,-0.33460593,0.056822385638952255,0.05108935385942459,/gpfs/data/bbj-lab/users/daniel/input-representation-benchmark/outputs/runs/ml4h_2026/models/ml4h_llama_exp1_meds_centiles_none_fusedFalse_discrete_time_tokens-s42/checkpoint-372270,/gpfs/data/bbj-lab/users/daniel/input-representation-benchmark/outputs/runs/tokenized/mimiciv-3.1_meds_70-10-20/centiles_none_unfused_time_tokens_first_24h-tokenized/train/vocab.gzip
Shared centile vocabulary,shared_Q_tokens,shared_centiles,66,-0.56408787,-0.3831625,0.056822385638952255,0.05108935385942459,/gpfs/data/bbj-lab/users/daniel/input-representation-benchmark/outputs/runs/ml4h_2026/models/ml4h_llama_exp1_meds_centiles_none_fusedFalse_discrete_time_tokens-s42/checkpoint-372270,/gpfs/data/bbj-lab/users/daniel/input-representation-benchmark/outputs/runs/tokenized/mimiciv-3.1_meds_70-10-20/centiles_none_unfused_time_tokens_first_24h-tokenized/train/vocab.gzip
Shared centile vocabulary,shared_Q_tokens,shared_centiles,67,-0.5198537,-0.42998588,0.056822385638952255,0.05108935385942459,/gpfs/data/bbj-lab/users/daniel/input-representation-benchmark/outputs/runs/ml4h_2026/models/ml4h_llama_exp1_meds_centiles_none_fusedFalse_discrete_time_tokens-s42/checkpoint-372270,/gpfs/data/bbj-lab/users/daniel/input-representation-benchmark/outputs/runs/tokenized/mimiciv-3.1_meds_70-10-20/centiles_none_unfused_time_tokens_first_24h-tokenized/train/vocab.gzip
Shared centile vocabulary,shared_Q_tokens,shared_centiles,68,-0.5047947,-0.43786642,0.056822385638952255,0.05108935385942459,/gpfs/data/bbj-lab/users/daniel/input-representation-benchmark/outputs/runs/ml4h_2026/models/ml4h_llama_exp1_meds_centiles_none_fusedFalse_discrete_time_tokens-s42/checkpoint-372270,/gpfs/data/bbj-lab/users/daniel/input-representation-benchmark/outputs/runs/tokenized/mimiciv-3.1_meds_70-10-20/centiles_none_unfused_time_tokens_first_24h-tokenized/train/vocab.gzip
Shared centile vocabulary,shared_Q_tokens,shared_centiles,69,-0.44124204,-0.4028663,0.056822385638952255,0.05108935385942459,/gpfs/data/bbj-lab/users/daniel/input-representation-benchmark/outputs/runs/ml4h_2026/models/ml4h_llama_exp1_meds_centiles_none_fusedFalse_discrete_time_tokens-s42/checkpoint-372270,/gpfs/data/bbj-lab/users/daniel/input-representation-benchmark/outputs/runs/tokenized/mimiciv-3.1_meds_70-10-20/centiles_none_unfused_time_tokens_first_24h-tokenized/train/vocab.gzip
Shared centile vocabulary,shared_Q_tokens,shared_centiles,70,-0.4289018,-0.36902922,0.056822385638952255,0.05108935385942459,/gpfs/data/bbj-lab/users/daniel/input-representation-benchmark/outputs/runs/ml4h_2026/models/ml4h_llama_exp1_meds_centiles_none_fusedFalse_discrete_time_tokens-s42/checkpoint-372270,/gpfs/data/bbj-lab/users/daniel/input-representation-benchmark/outputs/runs/tokenized/mimiciv-3.1_meds_70-10-20/centiles_none_unfused_time_tokens_first_24h-tokenized/train/vocab.gzip
Shared centile vocabulary,shared_Q_tokens,shared_centiles,71,-0.34500366,-0.28277037,0.056822385638952255,0.05108935385942459,/gpfs/data/bbj-lab/users/daniel/input-representation-benchmark/outputs/runs/ml4h_2026/models/ml4h_llama_exp1_meds_centiles_none_fusedFalse_discrete_time_tokens-s42/checkpoint-372270,/gpfs/data/bbj-lab/users/daniel/input-representation-benchmark/outputs/runs/tokenized/mimiciv-3.1_meds_70-10-20/centiles_none_unfused_time_tokens_first_24h-tokenized/train/vocab.gzip
Shared centile vocabulary,shared_Q_tokens,shared_centiles,72,-0.24346155,-0.24881291,0.056822385638952255,0.05108935385942459,/gpfs/data/bbj-lab/users/daniel/input-representation-benchmark/outputs/runs/ml4h_2026/models/ml4h_llama_exp1_meds_centiles_none_fusedFalse_discrete_time_tokens-s42/checkpoint-372270,/gpfs/data/bbj-lab/users/daniel/input-representation-benchmark/outputs/runs/tokenized/mimiciv-3.1_meds_70-10-20/centiles_none_unfused_time_tokens_first_24h-tokenized/train/vocab.gzip
Shared centile vocabulary,shared_Q_tokens,shared_centiles,73,-0.15234214,-0.21811236,0.056822385638952255,0.05108935385942459,/gpfs/data/bbj-lab/users/daniel/input-representation-benchmark/outputs/runs/ml4h_2026/models/ml4h_llama_exp1_meds_centiles_none_fusedFalse_discrete_time_tokens-s42/checkpoint-372270,/gpfs/data/bbj-lab/users/daniel/input-representation-benchmark/outputs/runs/tokenized/mimiciv-3.1_meds_70-10-20/centiles_none_unfused_time_tokens_first_24h-tokenized/train/vocab.gzip
Shared centile vocabulary,shared_Q_tokens,shared_centiles,74,-0.2059743,-0.25360194,0.056822385638952255,0.05108935385942459,/gpfs/data/bbj-lab/users/daniel/input-representation-benchmark/outputs/runs/ml4h_2026/models/ml4h_llama_exp1_meds_centiles_none_fusedFalse_discrete_time_tokens-s42/checkpoint-372270,/gpfs/data/bbj-lab/users/daniel/input-representation-benchmark/outputs/runs/tokenized/mimiciv-3.1_meds_70-10-20/centiles_none_unfused_time_tokens_first_24h-tokenized/train/vocab.gzip
Shared centile vocabulary,shared_Q_tokens,shared_centiles,75,-0.07160917,-0.22837973,0.056822385638952255,0.05108935385942459,/gpfs/data/bbj-lab/users/daniel/input-representation-benchmark/outputs/runs/ml4h_2026/models/ml4h_llama_exp1_meds_centiles_none_fusedFalse_discrete_time_tokens-s42/checkpoint-372270,/gpfs/data/bbj-lab/users/daniel/input-representation-benchmark/outputs/runs/tokenized/mimiciv-3.1_meds_70-10-20/centiles_none_unfused_time_tokens_first_24h-tokenized/train/vocab.gzip
Shared centile vocabulary,shared_Q_tokens,shared_centiles,76,0.061035052,-0.17507856,0.056822385638952255,0.05108935385942459,/gpfs/data/bbj-lab/users/daniel/input-representation-benchmark/outputs/runs/ml4h_2026/models/ml4h_llama_exp1_meds_centiles_none_fusedFalse_discrete_time_tokens-s42/checkpoint-372270,/gpfs/data/bbj-lab/users/daniel/input-representation-benchmark/outputs/runs/tokenized/mimiciv-3.1_meds_70-10-20/centiles_none_unfused_time_tokens_first_24h-tokenized/train/vocab.gzip
Shared centile vocabulary,shared_Q_tokens,shared_centiles,77,0.05359085,-0.11319514,0.056822385638952255,0.05108935385942459,/gpfs/data/bbj-lab/users/daniel/input-representation-benchmark/outputs/runs/ml4h_2026/models/ml4h_llama_exp1_meds_centiles_none_fusedFalse_discrete_time_tokens-s42/checkpoint-372270,/gpfs/data/bbj-lab/users/daniel/input-representation-benchmark/outputs/runs/tokenized/mimiciv-3.1_meds_70-10-20/centiles_none_unfused_time_tokens_first_24h-tokenized/train/vocab.gzip
Shared centile vocabulary,shared_Q_tokens,shared_centiles,78,0.11386985,-0.11456374,0.056822385638952255,0.05108935385942459,/gpfs/data/bbj-lab/users/daniel/input-representation-benchmark/outputs/runs/ml4h_2026/models/ml4h_llama_exp1_meds_centiles_none_fusedFalse_discrete_time_tokens-s42/checkpoint-372270,/gpfs/data/bbj-lab/users/daniel/input-representation-benchmark/outputs/runs/tokenized/mimiciv-3.1_meds_70-10-20/centiles_none_unfused_time_tokens_first_24h-tokenized/train/vocab.gzip
Shared centile vocabulary,shared_Q_tokens,shared_centiles,79,0.17806473,-0.12861364,0.056822385638952255,0.05108935385942459,/gpfs/data/bbj-lab/users/daniel/input-representation-benchmark/outputs/runs/ml4h_2026/models/ml4h_llama_exp1_meds_centiles_none_fusedFalse_discrete_time_tokens-s42/checkpoint-372270,/gpfs/data/bbj-lab/users/daniel/input-representation-benchmark/outputs/runs/tokenized/mimiciv-3.1_meds_70-10-20/centiles_none_unfused_time_tokens_first_24h-tokenized/train/vocab.gzip
Shared centile vocabulary,shared_Q_tokens,shared_centiles,80,0.15234332,-0.026227474,0.056822385638952255,0.05108935385942459,/gpfs/data/bbj-lab/users/daniel/input-representation-benchmark/outputs/runs/ml4h_2026/models/ml4h_llama_exp1_meds_centiles_none_fusedFalse_discrete_time_tokens-s42/checkpoint-372270,/gpfs/data/bbj-lab/users/daniel/input-representation-benchmark/outputs/runs/tokenized/mimiciv-3.1_meds_70-10-20/centiles_none_unfused_time_tokens_first_24h-tokenized/train/vocab.gzip
Shared centile vocabulary,shared_Q_tokens,shared_centiles,81,0.28858912,-0.019251008,0.056822385638952255,0.05108935385942459,/gpfs/data/bbj-lab/users/daniel/input-representation-benchmark/outputs/runs/ml4h_2026/models/ml4h_llama_exp1_meds_centiles_none_fusedFalse_discrete_time_tokens-s42/checkpoint-372270,/gpfs/data/bbj-lab/users/daniel/input-representation-benchmark/outputs/runs/tokenized/mimiciv-3.1_meds_70-10-20/centiles_none_unfused_time_tokens_first_24h-tokenized/train/vocab.gzip
Shared centile vocabulary,shared_Q_tokens,shared_centiles,82,0.28958672,0.029646857,0.056822385638952255,0.05108935385942459,/gpfs/data/bbj-lab/users/daniel/input-representation-benchmark/outputs/runs/ml4h_2026/models/ml4h_llama_exp1_meds_centiles_none_fusedFalse_discrete_time_tokens-s42/checkpoint-372270,/gpfs/data/bbj-lab/users/daniel/input-representation-benchmark/outputs/runs/tokenized/mimiciv-3.1_meds_70-10-20/centiles_none_unfused_time_tokens_first_24h-tokenized/train/vocab.gzip
Shared centile vocabulary,shared_Q_tokens,shared_centiles,83,0.3772506,-0.09064676,0.056822385638952255,0.05108935385942459,/gpfs/data/bbj-lab/users/daniel/input-representation-benchmark/outputs/runs/ml4h_2026/models/ml4h_llama_exp1_meds_centiles_none_fusedFalse_discrete_time_tokens-s42/checkpoint-372270,/gpfs/data/bbj-lab/users/daniel/input-representation-benchmark/outputs/runs/tokenized/mimiciv-3.1_meds_70-10-20/centiles_none_unfused_time_tokens_first_24h-tokenized/train/vocab.gzip
Shared centile vocabulary,shared_Q_tokens,shared_centiles,84,0.39932916,-0.13699675,0.056822385638952255,0.05108935385942459,/gpfs/data/bbj-lab/users/daniel/input-representation-benchmark/outputs/runs/ml4h_2026/models/ml4h_llama_exp1_meds_centiles_none_fusedFalse_discrete_time_tokens-s42/checkpoint-372270,/gpfs/data/bbj-lab/users/daniel/input-representation-benchmark/outputs/runs/tokenized/mimiciv-3.1_meds_70-10-20/centiles_none_unfused_time_tokens_first_24h-tokenized/train/vocab.gzip
Shared centile vocabulary,shared_Q_tokens,shared_centiles,85,0.36753732,-0.14813359,0.056822385638952255,0.05108935385942459,/gpfs/data/bbj-lab/users/daniel/input-representation-benchmark/outputs/runs/ml4h_2026/models/ml4h_llama_exp1_meds_centiles_none_fusedFalse_discrete_time_tokens-s42/checkpoint-372270,/gpfs/data/bbj-lab/users/daniel/input-representation-benchmark/outputs/runs/tokenized/mimiciv-3.1_meds_70-10-20/centiles_none_unfused_time_tokens_first_24h-tokenized/train/vocab.gzip
Shared centile vocabulary,shared_Q_tokens,shared_centiles,86,0.30624247,-0.097421885,0.056822385638952255,0.05108935385942459,/gpfs/data/bbj-lab/users/daniel/input-representation-benchmark/outputs/runs/ml4h_2026/models/ml4h_llama_exp1_meds_centiles_none_fusedFalse_discrete_time_tokens-s42/checkpoint-372270,/gpfs/data/bbj-lab/users/daniel/input-representation-benchmark/outputs/runs/tokenized/mimiciv-3.1_meds_70-10-20/centiles_none_unfused_time_tokens_first_24h-tokenized/train/vocab.gzip
Shared centile vocabulary,shared_Q_tokens,shared_centiles,87,0.3260435,-0.10411463,0.056822385638952255,0.05108935385942459,/gpfs/data/bbj-lab/users/daniel/input-representation-benchmark/outputs/runs/ml4h_2026/models/ml4h_llama_exp1_meds_centiles_none_fusedFalse_discrete_time_tokens-s42/checkpoint-372270,/gpfs/data/bbj-lab/users/daniel/input-representation-benchmark/outputs/runs/tokenized/mimiciv-3.1_meds_70-10-20/centiles_none_unfused_time_tokens_first_24h-tokenized/train/vocab.gzip
Shared centile vocabulary,shared_Q_tokens,shared_centiles,88,0.2958061,-0.13411643,0.056822385638952255,0.05108935385942459,/gpfs/data/bbj-lab/users/daniel/input-representation-benchmark/outputs/runs/ml4h_2026/models/ml4h_llama_exp1_meds_centiles_none_fusedFalse_discrete_time_tokens-s42/checkpoint-372270,/gpfs/data/bbj-lab/users/daniel/input-representation-benchmark/outputs/runs/tokenized/mimiciv-3.1_meds_70-10-20/centiles_none_unfused_time_tokens_first_24h-tokenized/train/vocab.gzip
Shared centile vocabulary,shared_Q_tokens,shared_centiles,89,0.34411395,-0.1562563,0.056822385638952255,0.05108935385942459,/gpfs/data/bbj-lab/users/daniel/input-representation-benchmark/outputs/runs/ml4h_2026/models/ml4h_llama_exp1_meds_centiles_none_fusedFalse_discrete_time_tokens-s42/checkpoint-372270,/gpfs/data/bbj-lab/users/daniel/input-representation-benchmark/outputs/runs/tokenized/mimiciv-3.1_meds_70-10-20/centiles_none_unfused_time_tokens_first_24h-tokenized/train/vocab.gzip
Shared centile vocabulary,shared_Q_tokens,shared_centiles,90,0.27465934,-0.1428975,0.056822385638952255,0.05108935385942459,/gpfs/data/bbj-lab/users/daniel/input-representation-benchmark/outputs/runs/ml4h_2026/models/ml4h_llama_exp1_meds_centiles_none_fusedFalse_discrete_time_tokens-s42/checkpoint-372270,/gpfs/data/bbj-lab/users/daniel/input-representation-benchmark/outputs/runs/tokenized/mimiciv-3.1_meds_70-10-20/centiles_none_unfused_time_tokens_first_24h-tokenized/train/vocab.gzip
Shared centile vocabulary,shared_Q_tokens,shared_centiles,91,0.34467918,0.033742107,0.056822385638952255,0.05108935385942459,/gpfs/data/bbj-lab/users/daniel/input-representation-benchmark/outputs/runs/ml4h_2026/models/ml4h_llama_exp1_meds_centiles_none_fusedFalse_discrete_time_tokens-s42/checkpoint-372270,/gpfs/data/bbj-lab/users/daniel/input-representation-benchmark/outputs/runs/tokenized/mimiciv-3.1_meds_70-10-20/centiles_none_unfused_time_tokens_first_24h-tokenized/train/vocab.gzip
Shared centile vocabulary,shared_Q_tokens,shared_centiles,92,0.2864663,-0.07049413,0.056822385638952255,0.05108935385942459,/gpfs/data/bbj-lab/users/daniel/input-representation-benchmark/outputs/runs/ml4h_2026/models/ml4h_llama_exp1_meds_centiles_none_fusedFalse_discrete_time_tokens-s42/checkpoint-372270,/gpfs/data/bbj-lab/users/daniel/input-representation-benchmark/outputs/runs/tokenized/mimiciv-3.1_meds_70-10-20/centiles_none_unfused_time_tokens_first_24h-tokenized/train/vocab.gzip
Shared centile vocabulary,shared_Q_tokens,shared_centiles,93,0.21208492,0.05779922,0.056822385638952255,0.05108935385942459,/gpfs/data/bbj-lab/users/daniel/input-representation-benchmark/outputs/runs/ml4h_2026/models/ml4h_llama_exp1_meds_centiles_none_fusedFalse_discrete_time_tokens-s42/checkpoint-372270,/gpfs/data/bbj-lab/users/daniel/input-representation-benchmark/outputs/runs/tokenized/mimiciv-3.1_meds_70-10-20/centiles_none_unfused_time_tokens_first_24h-tokenized/train/vocab.gzip
Shared centile vocabulary,shared_Q_tokens,shared_centiles,94,0.21482924,-0.058519803,0.056822385638952255,0.05108935385942459,/gpfs/data/bbj-lab/users/daniel/input-representation-benchmark/outputs/runs/ml4h_2026/models/ml4h_llama_exp1_meds_centiles_none_fusedFalse_discrete_time_tokens-s42/checkpoint-372270,/gpfs/data/bbj-lab/users/daniel/input-representation-benchmark/outputs/runs/tokenized/mimiciv-3.1_meds_70-10-20/centiles_none_unfused_time_tokens_first_24h-tokenized/train/vocab.gzip
Shared centile vocabulary,shared_Q_tokens,shared_centiles,95,0.07628986,0.018527767,0.056822385638952255,0.05108935385942459,/gpfs/data/bbj-lab/users/daniel/input-representation-benchmark/outputs/runs/ml4h_2026/models/ml4h_llama_exp1_meds_centiles_none_fusedFalse_discrete_time_tokens-s42/checkpoint-372270,/gpfs/data/bbj-lab/users/daniel/input-representation-benchmark/outputs/runs/tokenized/mimiciv-3.1_meds_70-10-20/centiles_none_unfused_time_tokens_first_24h-tokenized/train/vocab.gzip
Shared centile vocabulary,shared_Q_tokens,shared_centiles,96,0.0008315407,0.005560385,0.056822385638952255,0.05108935385942459,/gpfs/data/bbj-lab/users/daniel/input-representation-benchmark/outputs/runs/ml4h_2026/models/ml4h_llama_exp1_meds_centiles_none_fusedFalse_discrete_time_tokens-s42/checkpoint-372270,/gpfs/data/bbj-lab/users/daniel/input-representation-benchmark/outputs/runs/tokenized/mimiciv-3.1_meds_70-10-20/centiles_none_unfused_time_tokens_first_24h-tokenized/train/vocab.gzip
Shared centile vocabulary,shared_Q_tokens,shared_centiles,97,-0.0012181196,0.10603751,0.056822385638952255,0.05108935385942459,/gpfs/data/bbj-lab/users/daniel/input-representation-benchmark/outputs/runs/ml4h_2026/models/ml4h_llama_exp1_meds_centiles_none_fusedFalse_discrete_time_tokens-s42/checkpoint-372270,/gpfs/data/bbj-lab/users/daniel/input-representation-benchmark/outputs/runs/tokenized/mimiciv-3.1_meds_70-10-20/centiles_none_unfused_time_tokens_first_24h-tokenized/train/vocab.gzip
Shared centile vocabulary,shared_Q_tokens,shared_centiles,98,-0.12076227,-0.0030856915,0.056822385638952255,0.05108935385942459,/gpfs/data/bbj-lab/users/daniel/input-representation-benchmark/outputs/runs/ml4h_2026/models/ml4h_llama_exp1_meds_centiles_none_fusedFalse_discrete_time_tokens-s42/checkpoint-372270,/gpfs/data/bbj-lab/users/daniel/input-representation-benchmark/outputs/runs/tokenized/mimiciv-3.1_meds_70-10-20/centiles_none_unfused_time_tokens_first_24h-tokenized/train/vocab.gzip
Shared centile vocabulary,shared_Q_tokens,shared_centiles,99,-0.04984029,0.021386191,0.056822385638952255,0.05108935385942459,/gpfs/data/bbj-lab/users/daniel/input-representation-benchmark/outputs/runs/ml4h_2026/models/ml4h_llama_exp1_meds_centiles_none_fusedFalse_discrete_time_tokens-s42/checkpoint-372270,/gpfs/data/bbj-lab/users/daniel/input-representation-benchmark/outputs/runs/tokenized/mimiciv-3.1_meds_70-10-20/centiles_none_unfused_time_tokens_first_24h-tokenized/train/vocab.gzip
Potassium,LAB_lab//50971//meq/l,fused_centiles,0,-0.57476044,0.48611495,0.1932927370071411,0.12675337493419647,/gpfs/data/bbj-lab/users/daniel/input-representation-benchmark/outputs/runs/ml4h_2026/models/ml4h_llama_exp1_meds_centiles_none_fusedTrue_discrete_time_tokens-s42/checkpoint-186135,/gpfs/data/bbj-lab/users/daniel/input-representation-benchmark/outputs/runs/tokenized/mimiciv-3.1_meds_70-10-20/centiles_none_fused_time_tokens_first_24h-tokenized/train/vocab.gzip
Potassium,LAB_lab//50971//meq/l,fused_centiles,1,-0.6445111,0.32012188,0.1932927370071411,0.12675337493419647,/gpfs/data/bbj-lab/users/daniel/input-representation-benchmark/outputs/runs/ml4h_2026/models/ml4h_llama_exp1_meds_centiles_none_fusedTrue_discrete_time_tokens-s42/checkpoint-186135,/gpfs/data/bbj-lab/users/daniel/input-representation-benchmark/outputs/runs/tokenized/mimiciv-3.1_meds_70-10-20/centiles_none_fused_time_tokens_first_24h-tokenized/train/vocab.gzip
Potassium,LAB_lab//50971//meq/l,fused_centiles,2,-0.71829003,0.32342878,0.1932927370071411,0.12675337493419647,/gpfs/data/bbj-lab/users/daniel/input-representation-benchmark/outputs/runs/ml4h_2026/models/ml4h_llama_exp1_meds_centiles_none_fusedTrue_discrete_time_tokens-s42/checkpoint-186135,/gpfs/data/bbj-lab/users/daniel/input-representation-benchmark/outputs/runs/tokenized/mimiciv-3.1_meds_70-10-20/centiles_none_fused_time_tokens_first_24h-tokenized/train/vocab.gzip
Potassium,LAB_lab//50971//meq/l,fused_centiles,3,-0.6541501,0.24604222,0.1932927370071411,0.12675337493419647,/gpfs/data/bbj-lab/users/daniel/input-representation-benchmark/outputs/runs/ml4h_2026/models/ml4h_llama_exp1_meds_centiles_none_fusedTrue_discrete_time_tokens-s42/checkpoint-186135,/gpfs/data/bbj-lab/users/daniel/input-representation-benchmark/outputs/runs/tokenized/mimiciv-3.1_meds_70-10-20/centiles_none_fused_time_tokens_first_24h-tokenized/train/vocab.gzip
Potassium,LAB_lab//50971//meq/l,fused_centiles,5,-0.6724137,-0.0403112,0.1932927370071411,0.12675337493419647,/gpfs/data/bbj-lab/users/daniel/input-representation-benchmark/outputs/runs/ml4h_2026/models/ml4h_llama_exp1_meds_centiles_none_fusedTrue_discrete_time_tokens-s42/checkpoint-186135,/gpfs/data/bbj-lab/users/daniel/input-representation-benchmark/outputs/runs/tokenized/mimiciv-3.1_meds_70-10-20/centiles_none_fused_time_tokens_first_24h-tokenized/train/vocab.gzip
Potassium,LAB_lab//50971//meq/l,fused_centiles,6,-0.04341047,0.565583,0.1932927370071411,0.12675337493419647,/gpfs/data/bbj-lab/users/daniel/input-representation-benchmark/outputs/runs/ml4h_2026/models/ml4h_llama_exp1_meds_centiles_none_fusedTrue_discrete_time_tokens-s42/checkpoint-186135,/gpfs/data/bbj-lab/users/daniel/input-representation-benchmark/outputs/runs/tokenized/mimiciv-3.1_meds_70-10-20/centiles_none_fused_time_tokens_first_24h-tokenized/train/vocab.gzip
Potassium,LAB_lab//50971//meq/l,fused_centiles,8,-0.6728875,-0.10622296,0.1932927370071411,0.12675337493419647,/gpfs/data/bbj-lab/users/daniel/input-representation-benchmark/outputs/runs/ml4h_2026/models/ml4h_llama_exp1_meds_centiles_none_fusedTrue_discrete_time_tokens-s42/checkpoint-186135,/gpfs/data/bbj-lab/users/daniel/input-representation-benchmark/outputs/runs/tokenized/mimiciv-3.1_meds_70-10-20/centiles_none_fused_time_tokens_first_24h-tokenized/train/vocab.gzip
Potassium,LAB_lab//50971//meq/l,fused_centiles,13,-0.3835038,-0.10604264,0.1932927370071411,0.12675337493419647,/gpfs/data/bbj-lab/users/daniel/input-representation-benchmark/outputs/runs/ml4h_2026/models/ml4h_llama_exp1_meds_centiles_none_fusedTrue_discrete_time_tokens-s42/checkpoint-186135,/gpfs/data/bbj-lab/users/daniel/input-representation-benchmark/outputs/runs/tokenized/mimiciv-3.1_meds_70-10-20/centiles_none_fused_time_tokens_first_24h-tokenized/train/vocab.gzip
Potassium,LAB_lab//50971//meq/l,fused_centiles,18,-0.444623,-0.17943537,0.1932927370071411,0.12675337493419647,/gpfs/data/bbj-lab/users/daniel/input-representation-benchmark/outputs/runs/ml4h_2026/models/ml4h_llama_exp1_meds_centiles_none_fusedTrue_discrete_time_tokens-s42/checkpoint-186135,/gpfs/data/bbj-lab/users/daniel/input-representation-benchmark/outputs/runs/tokenized/mimiciv-3.1_meds_70-10-20/centiles_none_fused_time_tokens_first_24h-tokenized/train/vocab.gzip
Potassium,LAB_lab//50971//meq/l,fused_centiles,24,-0.25673765,-0.36532524,0.1932927370071411,0.12675337493419647,/gpfs/data/bbj-lab/users/daniel/input-representation-benchmark/outputs/runs/ml4h_2026/models/ml4h_llama_exp1_meds_centiles_none_fusedTrue_discrete_time_tokens-s42/checkpoint-186135,/gpfs/data/bbj-lab/users/daniel/input-representation-benchmark/outputs/runs/tokenized/mimiciv-3.1_meds_70-10-20/centiles_none_fused_time_tokens_first_24h-tokenized/train/vocab.gzip
Potassium,LAB_lab//50971//meq/l,fused_centiles,31,-0.16705963,-0.41092902,0.1932927370071411,0.12675337493419647,/gpfs/data/bbj-lab/users/daniel/input-representation-benchmark/outputs/runs/ml4h_2026/models/ml4h_llama_exp1_meds_centiles_none_fusedTrue_discrete_time_tokens-s42/checkpoint-186135,/gpfs/data/bbj-lab/users/daniel/input-representation-benchmark/outputs/runs/tokenized/mimiciv-3.1_meds_70-10-20/centiles_none_fused_time_tokens_first_24h-tokenized/train/vocab.gzip
Potassium,LAB_lab//50971//meq/l,fused_centiles,39,-0.16066289,-0.47209358,0.1932927370071411,0.12675337493419647,/gpfs/data/bbj-lab/users/daniel/input-representation-benchmark/outputs/runs/ml4h_2026/models/ml4h_llama_exp1_meds_centiles_none_fusedTrue_discrete_time_tokens-s42/checkpoint-186135,/gpfs/data/bbj-lab/users/daniel/input-representation-benchmark/outputs/runs/tokenized/mimiciv-3.1_meds_70-10-20/centiles_none_fused_time_tokens_first_24h-tokenized/train/vocab.gzip
Potassium,LAB_lab//50971//meq/l,fused_centiles,47,-0.021262057,-0.5237783,0.1932927370071411,0.12675337493419647,/gpfs/data/bbj-lab/users/daniel/input-representation-benchmark/outputs/runs/ml4h_2026/models/ml4h_llama_exp1_meds_centiles_none_fusedTrue_discrete_time_tokens-s42/checkpoint-186135,/gpfs/data/bbj-lab/users/daniel/input-representation-benchmark/outputs/runs/tokenized/mimiciv-3.1_meds_70-10-20/centiles_none_fused_time_tokens_first_24h-tokenized/train/vocab.gzip
Potassium,LAB_lab//50971//meq/l,fused_centiles,55,0.042911958,-0.44922477,0.1932927370071411,0.12675337493419647,/gpfs/data/bbj-lab/users/daniel/input-representation-benchmark/outputs/runs/ml4h_2026/models/ml4h_llama_exp1_meds_centiles_none_fusedTrue_discrete_time_tokens-s42/checkpoint-186135,/gpfs/data/bbj-lab/users/daniel/input-representation-benchmark/outputs/runs/tokenized/mimiciv-3.1_meds_70-10-20/centiles_none_fused_time_tokens_first_24h-tokenized/train/vocab.gzip
Potassium,LAB_lab//50971//meq/l,fused_centiles,63,0.06625608,-0.55241704,0.1932927370071411,0.12675337493419647,/gpfs/data/bbj-lab/users/daniel/input-representation-benchmark/outputs/runs/ml4h_2026/models/ml4h_llama_exp1_meds_centiles_none_fusedTrue_discrete_time_tokens-s42/checkpoint-186135,/gpfs/data/bbj-lab/users/daniel/input-representation-benchmark/outputs/runs/tokenized/mimiciv-3.1_meds_70-10-20/centiles_none_fused_time_tokens_first_24h-tokenized/train/vocab.gzip
Potassium,LAB_lab//50971//meq/l,fused_centiles,70,0.0998154,-0.32122213,0.1932927370071411,0.12675337493419647,/gpfs/data/bbj-lab/users/daniel/input-representation-benchmark/outputs/runs/ml4h_2026/models/ml4h_llama_exp1_meds_centiles_none_fusedTrue_discrete_time_tokens-s42/checkpoint-186135,/gpfs/data/bbj-lab/users/daniel/input-representation-benchmark/outputs/runs/tokenized/mimiciv-3.1_meds_70-10-20/centiles_none_fused_time_tokens_first_24h-tokenized/train/vocab.gzip
Potassium,LAB_lab//50971//meq/l,fused_centiles,75,0.24390313,-0.33113763,0.1932927370071411,0.12675337493419647,/gpfs/data/bbj-lab/users/daniel/input-representation-benchmark/outputs/runs/ml4h_2026/models/ml4h_llama_exp1_meds_centiles_none_fusedTrue_discrete_time_tokens-s42/checkpoint-186135,/gpfs/data/bbj-lab/users/daniel/input-representation-benchmark/outputs/runs/tokenized/mimiciv-3.1_meds_70-10-20/centiles_none_fused_time_tokens_first_24h-tokenized/train/vocab.gzip
Potassium,LAB_lab//50971//meq/l,fused_centiles,80,0.44926906,-0.2217445,0.1932927370071411,0.12675337493419647,/gpfs/data/bbj-lab/users/daniel/input-representation-benchmark/outputs/runs/ml4h_2026/models/ml4h_llama_exp1_meds_centiles_none_fusedTrue_discrete_time_tokens-s42/checkpoint-186135,/gpfs/data/bbj-lab/users/daniel/input-representation-benchmark/outputs/runs/tokenized/mimiciv-3.1_meds_70-10-20/centiles_none_fused_time_tokens_first_24h-tokenized/train/vocab.gzip
Potassium,LAB_lab//50971//meq/l,fused_centiles,84,0.5105649,-0.14769942,0.1932927370071411,0.12675337493419647,/gpfs/data/bbj-lab/users/daniel/input-representation-benchmark/outputs/runs/ml4h_2026/models/ml4h_llama_exp1_meds_centiles_none_fusedTrue_discrete_time_tokens-s42/checkpoint-186135,/gpfs/data/bbj-lab/users/daniel/input-representation-benchmark/outputs/runs/tokenized/mimiciv-3.1_meds_70-10-20/centiles_none_fused_time_tokens_first_24h-tokenized/train/vocab.gzip
Potassium,LAB_lab//50971//meq/l,fused_centiles,87,0.50470483,-0.10500064,0.1932927370071411,0.12675337493419647,/gpfs/data/bbj-lab/users/daniel/input-representation-benchmark/outputs/runs/ml4h_2026/models/ml4h_llama_exp1_meds_centiles_none_fusedTrue_discrete_time_tokens-s42/checkpoint-186135,/gpfs/data/bbj-lab/users/daniel/input-representation-benchmark/outputs/runs/tokenized/mimiciv-3.1_meds_70-10-20/centiles_none_fused_time_tokens_first_24h-tokenized/train/vocab.gzip
Potassium,LAB_lab//50971//meq/l,fused_centiles,90,0.52570164,0.042263724,0.1932927370071411,0.12675337493419647,/gpfs/data/bbj-lab/users/daniel/input-representation-benchmark/outputs/runs/ml4h_2026/models/ml4h_llama_exp1_meds_centiles_none_fusedTrue_discrete_time_tokens-s42/checkpoint-186135,/gpfs/data/bbj-lab/users/daniel/input-representation-benchmark/outputs/runs/tokenized/mimiciv-3.1_meds_70-10-20/centiles_none_fused_time_tokens_first_24h-tokenized/train/vocab.gzip
Potassium,LAB_lab//50971//meq/l,fused_centiles,92,0.586566,0.013576077,0.1932927370071411,0.12675337493419647,/gpfs/data/bbj-lab/users/daniel/input-representation-benchmark/outputs/runs/ml4h_2026/models/ml4h_llama_exp1_meds_centiles_none_fusedTrue_discrete_time_tokens-s42/checkpoint-186135,/gpfs/data/bbj-lab/users/daniel/input-representation-benchmark/outputs/runs/tokenized/mimiciv-3.1_meds_70-10-20/centiles_none_fused_time_tokens_first_24h-tokenized/train/vocab.gzip
Potassium,LAB_lab//50971//meq/l,fused_centiles,93,0.5547216,0.104299545,0.1932927370071411,0.12675337493419647,/gpfs/data/bbj-lab/users/daniel/input-representation-benchmark/outputs/runs/ml4h_2026/models/ml4h_llama_exp1_meds_centiles_none_fusedTrue_discrete_time_tokens-s42/checkpoint-186135,/gpfs/data/bbj-lab/users/daniel/input-representation-benchmark/outputs/runs/tokenized/mimiciv-3.1_meds_70-10-20/centiles_none_fused_time_tokens_first_24h-tokenized/train/vocab.gzip
Potassium,LAB_lab//50971//meq/l,fused_centiles,95,0.47951955,0.24216838,0.1932927370071411,0.12675337493419647,/gpfs/data/bbj-lab/users/daniel/input-representation-benchmark/outputs/runs/ml4h_2026/models/ml4h_llama_exp1_meds_centiles_none_fusedTrue_discrete_time_tokens-s42/checkpoint-186135,/gpfs/data/bbj-lab/users/daniel/input-representation-benchmark/outputs/runs/tokenized/mimiciv-3.1_meds_70-10-20/centiles_none_fused_time_tokens_first_24h-tokenized/train/vocab.gzip
Potassium,LAB_lab//50971//meq/l,fused_centiles,96,0.42454338,0.33096886,0.1932927370071411,0.12675337493419647,/gpfs/data/bbj-lab/users/daniel/input-representation-benchmark/outputs/runs/ml4h_2026/models/ml4h_llama_exp1_meds_centiles_none_fusedTrue_discrete_time_tokens-s42/checkpoint-186135,/gpfs/data/bbj-lab/users/daniel/input-representation-benchmark/outputs/runs/tokenized/mimiciv-3.1_meds_70-10-20/centiles_none_fused_time_tokens_first_24h-tokenized/train/vocab.gzip
Potassium,LAB_lab//50971//meq/l,fused_centiles,97,0.39080715,0.41891783,0.1932927370071411,0.12675337493419647,/gpfs/data/bbj-lab/users/daniel/input-representation-benchmark/outputs/runs/ml4h_2026/models/ml4h_llama_exp1_meds_centiles_none_fusedTrue_discrete_time_tokens-s42/checkpoint-186135,/gpfs/data/bbj-lab/users/daniel/input-representation-benchmark/outputs/runs/tokenized/mimiciv-3.1_meds_70-10-20/centiles_none_fused_time_tokens_first_24h-tokenized/train/vocab.gzip
Potassium,LAB_lab//50971//meq/l,fused_centiles,98,0.3576848,0.5750509,0.1932927370071411,0.12675337493419647,/gpfs/data/bbj-lab/users/daniel/input-representation-benchmark/outputs/runs/ml4h_2026/models/ml4h_llama_exp1_meds_centiles_none_fusedTrue_discrete_time_tokens-s42/checkpoint-186135,/gpfs/data/bbj-lab/users/daniel/input-representation-benchmark/outputs/runs/tokenized/mimiciv-3.1_meds_70-10-20/centiles_none_fused_time_tokens_first_24h-tokenized/train/vocab.gzip
Potassium,LAB_lab//50971//meq/l,fused_centiles,99,0.17730296,0.66404825,0.1932927370071411,0.12675337493419647,/gpfs/data/bbj-lab/users/daniel/input-representation-benchmark/outputs/runs/ml4h_2026/models/ml4h_llama_exp1_meds_centiles_none_fusedTrue_discrete_time_tokens-s42/checkpoint-186135,/gpfs/data/bbj-lab/users/daniel/input-representation-benchmark/outputs/runs/tokenized/mimiciv-3.1_meds_70-10-20/centiles_none_fused_time_tokens_first_24h-tokenized/train/vocab.gzip
Hemoglobin,LAB_lab//51222//g/dl,fused_centiles,0,0.13381594,-0.01349374,0.10733215510845184,0.09121498465538025,/gpfs/data/bbj-lab/users/daniel/input-representation-benchmark/outputs/runs/ml4h_2026/models/ml4h_llama_exp1_meds_centiles_none_fusedTrue_discrete_time_tokens-s42/checkpoint-186135,/gpfs/data/bbj-lab/users/daniel/input-representation-benchmark/outputs/runs/tokenized/mimiciv-3.1_meds_70-10-20/centiles_none_fused_time_tokens_first_24h-tokenized/train/vocab.gzip
Hemoglobin,LAB_lab//51222//g/dl,fused_centiles,1,0.23663902,0.16908169,0.10733215510845184,0.09121498465538025,/gpfs/data/bbj-lab/users/daniel/input-representation-benchmark/outputs/runs/ml4h_2026/models/ml4h_llama_exp1_meds_centiles_none_fusedTrue_discrete_time_tokens-s42/checkpoint-186135,/gpfs/data/bbj-lab/users/daniel/input-representation-benchmark/outputs/runs/tokenized/mimiciv-3.1_meds_70-10-20/centiles_none_fused_time_tokens_first_24h-tokenized/train/vocab.gzip
Hemoglobin,LAB_lab//51222//g/dl,fused_centiles,2,0.15702543,0.07488006,0.10733215510845184,0.09121498465538025,/gpfs/data/bbj-lab/users/daniel/input-representation-benchmark/outputs/runs/ml4h_2026/models/ml4h_llama_exp1_meds_centiles_none_fusedTrue_discrete_time_tokens-s42/checkpoint-186135,/gpfs/data/bbj-lab/users/daniel/input-representation-benchmark/outputs/runs/tokenized/mimiciv-3.1_meds_70-10-20/centiles_none_fused_time_tokens_first_24h-tokenized/train/vocab.gzip
Hemoglobin,LAB_lab//51222//g/dl,fused_centiles,3,0.1948779,0.11798466,0.10733215510845184,0.09121498465538025,/gpfs/data/bbj-lab/users/daniel/input-representation-benchmark/outputs/runs/ml4h_2026/models/ml4h_llama_exp1_meds_centiles_none_fusedTrue_discrete_time_tokens-s42/checkpoint-186135,/gpfs/data/bbj-lab/users/daniel/input-representation-benchmark/outputs/runs/tokenized/mimiciv-3.1_meds_70-10-20/centiles_none_fused_time_tokens_first_24h-tokenized/train/vocab.gzip
Hemoglobin,LAB_lab//51222//g/dl,fused_centiles,4,0.08617686,0.12241697,0.10733215510845184,0.09121498465538025,/gpfs/data/bbj-lab/users/daniel/input-representation-benchmark/outputs/runs/ml4h_2026/models/ml4h_llama_exp1_meds_centiles_none_fusedTrue_discrete_time_tokens-s42/checkpoint-186135,/gpfs/data/bbj-lab/users/daniel/input-representation-benchmark/outputs/runs/tokenized/mimiciv-3.1_meds_70-10-20/centiles_none_fused_time_tokens_first_24h-tokenized/train/vocab.gzip
Hemoglobin,LAB_lab//51222//g/dl,fused_centiles,5,0.027314996,0.019531213,0.10733215510845184,0.09121498465538025,/gpfs/data/bbj-lab/users/daniel/input-representation-benchmark/outputs/runs/ml4h_2026/models/ml4h_llama_exp1_meds_centiles_none_fusedTrue_discrete_time_tokens-s42/checkpoint-186135,/gpfs/data/bbj-lab/users/daniel/input-representation-benchmark/outputs/runs/tokenized/mimiciv-3.1_meds_70-10-20/centiles_none_fused_time_tokens_first_24h-tokenized/train/vocab.gzip
Hemoglobin,LAB_lab//51222//g/dl,fused_centiles,6,0.13644794,-0.16342951,0.10733215510845184,0.09121498465538025,/gpfs/data/bbj-lab/users/daniel/input-representation-benchmark/outputs/runs/ml4h_2026/models/ml4h_llama_exp1_meds_centiles_none_fusedTrue_discrete_time_tokens-s42/checkpoint-186135,/gpfs/data/bbj-lab/users/daniel/input-representation-benchmark/outputs/runs/tokenized/mimiciv-3.1_meds_70-10-20/centiles_none_fused_time_tokens_first_24h-tokenized/train/vocab.gzip
Hemoglobin,LAB_lab//51222//g/dl,fused_centiles,8,0.043030653,-0.0914091,0.10733215510845184,0.09121498465538025,/gpfs/data/bbj-lab/users/daniel/input-representation-benchmark/outputs/runs/ml4h_2026/models/ml4h_llama_exp1_meds_centiles_none_fusedTrue_discrete_time_tokens-s42/checkpoint-186135,/gpfs/data/bbj-lab/users/daniel/input-representation-benchmark/outputs/runs/tokenized/mimiciv-3.1_meds_70-10-20/centiles_none_fused_time_tokens_first_24h-tokenized/train/vocab.gzip
Hemoglobin,LAB_lab//51222//g/dl,fused_centiles,9,0.032705963,0.023719713,0.10733215510845184,0.09121498465538025,/gpfs/data/bbj-lab/users/daniel/input-representation-benchmark/outputs/runs/ml4h_2026/models/ml4h_llama_exp1_meds_centiles_none_fusedTrue_discrete_time_tokens-s42/checkpoint-186135,/gpfs/data/bbj-lab/users/daniel/input-representation-benchmark/outputs/runs/tokenized/mimiciv-3.1_meds_70-10-20/centiles_none_fused_time_tokens_first_24h-tokenized/train/vocab.gzip
Hemoglobin,LAB_lab//51222//g/dl,fused_centiles,11,-0.010761935,-0.023249557,0.10733215510845184,0.09121498465538025,/gpfs/data/bbj-lab/users/daniel/input-representation-benchmark/outputs/runs/ml4h_2026/models/ml4h_llama_exp1_meds_centiles_none_fusedTrue_discrete_time_tokens-s42/checkpoint-186135,/gpfs/data/bbj-lab/users/daniel/input-representation-benchmark/outputs/runs/tokenized/mimiciv-3.1_meds_70-10-20/centiles_none_fused_time_tokens_first_24h-tokenized/train/vocab.gzip
Hemoglobin,LAB_lab//51222//g/dl,fused_centiles,12,0.01428426,0.08610065,0.10733215510845184,0.09121498465538025,/gpfs/data/bbj-lab/users/daniel/input-representation-benchmark/outputs/runs/ml4h_2026/models/ml4h_llama_exp1_meds_centiles_none_fusedTrue_discrete_time_tokens-s42/checkpoint-186135,/gpfs/data/bbj-lab/users/daniel/input-representation-benchmark/outputs/runs/tokenized/mimiciv-3.1_meds_70-10-20/centiles_none_fused_time_tokens_first_24h-tokenized/train/vocab.gzip
Hemoglobin,LAB_lab//51222//g/dl,fused_centiles,14,0.056985896,0.10209583,0.10733215510845184,0.09121498465538025,/gpfs/data/bbj-lab/users/daniel/input-representation-benchmark/outputs/runs/ml4h_2026/models/ml4h_llama_exp1_meds_centiles_none_fusedTrue_discrete_time_tokens-s42/checkpoint-186135,/gpfs/data/bbj-lab/users/daniel/input-representation-benchmark/outputs/runs/tokenized/mimiciv-3.1_meds_70-10-20/centiles_none_fused_time_tokens_first_24h-tokenized/train/vocab.gzip
Hemoglobin,LAB_lab//51222//g/dl,fused_centiles,16,0.051536478,0.16174333,0.10733215510845184,0.09121498465538025,/gpfs/data/bbj-lab/users/daniel/input-representation-benchmark/outputs/runs/ml4h_2026/models/ml4h_llama_exp1_meds_centiles_none_fusedTrue_discrete_time_tokens-s42/checkpoint-186135,/gpfs/data/bbj-lab/users/daniel/input-representation-benchmark/outputs/runs/tokenized/mimiciv-3.1_meds_70-10-20/centiles_none_fused_time_tokens_first_24h-tokenized/train/vocab.gzip
Hemoglobin,LAB_lab//51222//g/dl,fused_centiles,18,0.043029197,0.32256424,0.10733215510845184,0.09121498465538025,/gpfs/data/bbj-lab/users/daniel/input-representation-benchmark/outputs/runs/ml4h_2026/models/ml4h_llama_exp1_meds_centiles_none_fusedTrue_discrete_time_tokens-s42/checkpoint-186135,/gpfs/data/bbj-lab/users/daniel/input-representation-benchmark/outputs/runs/tokenized/mimiciv-3.1_meds_70-10-20/centiles_none_fused_time_tokens_first_24h-tokenized/train/vocab.gzip
Hemoglobin,LAB_lab//51222//g/dl,fused_centiles,20,-0.16426942,0.3491473,0.10733215510845184,0.09121498465538025,/gpfs/data/bbj-lab/users/daniel/input-representation-benchmark/outputs/runs/ml4h_2026/models/ml4h_llama_exp1_meds_centiles_none_fusedTrue_discrete_time_tokens-s42/checkpoint-186135,/gpfs/data/bbj-lab/users/daniel/input-representation-benchmark/outputs/runs/tokenized/mimiciv-3.1_meds_70-10-20/centiles_none_fused_time_tokens_first_24h-tokenized/train/vocab.gzip
Hemoglobin,LAB_lab//51222//g/dl,fused_centiles,21,-0.3440277,0.38304704,0.10733215510845184,0.09121498465538025,/gpfs/data/bbj-lab/users/daniel/input-representation-benchmark/outputs/runs/ml4h_2026/models/ml4h_llama_exp1_meds_centiles_none_fusedTrue_discrete_time_tokens-s42/checkpoint-186135,/gpfs/data/bbj-lab/users/daniel/input-representation-benchmark/outputs/runs/tokenized/mimiciv-3.1_meds_70-10-20/centiles_none_fused_time_tokens_first_24h-tokenized/train/vocab.gzip
Hemoglobin,LAB_lab//51222//g/dl,fused_centiles,23,-0.45577466,0.4505165,0.10733215510845184,0.09121498465538025,/gpfs/data/bbj-lab/users/daniel/input-representation-benchmark/outputs/runs/ml4h_2026/models/ml4h_llama_exp1_meds_centiles_none_fusedTrue_discrete_time_tokens-s42/checkpoint-186135,/gpfs/data/bbj-lab/users/daniel/input-representation-benchmark/outputs/runs/tokenized/mimiciv-3.1_meds_70-10-20/centiles_none_fused_time_tokens_first_24h-tokenized/train/vocab.gzip
Hemoglobin,LAB_lab//51222//g/dl,fused_centiles,25,-0.61082894,0.3417275,0.10733215510845184,0.09121498465538025,/gpfs/data/bbj-lab/users/daniel/input-representation-benchmark/outputs/runs/ml4h_2026/models/ml4h_llama_exp1_meds_centiles_none_fusedTrue_discrete_time_tokens-s42/checkpoint-186135,/gpfs/data/bbj-lab/users/daniel/input-representation-benchmark/outputs/runs/tokenized/mimiciv-3.1_meds_70-10-20/centiles_none_fused_time_tokens_first_24h-tokenized/train/vocab.gzip
Hemoglobin,LAB_lab//51222//g/dl,fused_centiles,27,-0.42086864,0.21094231,0.10733215510845184,0.09121498465538025,/gpfs/data/bbj-lab/users/daniel/input-representation-benchmark/outputs/runs/ml4h_2026/models/ml4h_llama_exp1_meds_centiles_none_fusedTrue_discrete_time_tokens-s42/checkpoint-186135,/gpfs/data/bbj-lab/users/daniel/input-representation-benchmark/outputs/runs/tokenized/mimiciv-3.1_meds_70-10-20/centiles_none_fused_time_tokens_first_24h-tokenized/train/vocab.gzip
Hemoglobin,LAB_lab//51222//g/dl,fused_centiles,29,-0.67302036,-0.091816574,0.10733215510845184,0.09121498465538025,/gpfs/data/bbj-lab/users/daniel/input-representation-benchmark/outputs/runs/ml4h_2026/models/ml4h_llama_exp1_meds_centiles_none_fusedTrue_discrete_time_tokens-s42/checkpoint-186135,/gpfs/data/bbj-lab/users/daniel/input-representation-benchmark/outputs/runs/tokenized/mimiciv-3.1_meds_70-10-20/centiles_none_fused_time_tokens_first_24h-tokenized/train/vocab.gzip
Hemoglobin,LAB_lab//51222//g/dl,fused_centiles,31,-0.5333004,-0.34061083,0.10733215510845184,0.09121498465538025,/gpfs/data/bbj-lab/users/daniel/input-representation-benchmark/outputs/runs/ml4h_2026/models/ml4h_llama_exp1_meds_centiles_none_fusedTrue_discrete_time_tokens-s42/checkpoint-186135,/gpfs/data/bbj-lab/users/daniel/input-representation-benchmark/outputs/runs/tokenized/mimiciv-3.1_meds_70-10-20/centiles_none_fused_time_tokens_first_24h-tokenized/train/vocab.gzip
Hemoglobin,LAB_lab//51222//g/dl,fused_centiles,33,-0.2991713,-0.47060454,0.10733215510845184,0.09121498465538025,/gpfs/data/bbj-lab/users/daniel/input-representation-benchmark/outputs/runs/ml4h_2026/models/ml4h_llama_exp1_meds_centiles_none_fusedTrue_discrete_time_tokens-s42/checkpoint-186135,/gpfs/data/bbj-lab/users/daniel/input-representation-benchmark/outputs/runs/tokenized/mimiciv-3.1_meds_70-10-20/centiles_none_fused_time_tokens_first_24h-tokenized/train/vocab.gzip
Hemoglobin,LAB_lab//51222//g/dl,fused_centiles,34,-0.21935552,-0.59129167,0.10733215510845184,0.09121498465538025,/gpfs/data/bbj-lab/users/daniel/input-representation-benchmark/outputs/runs/ml4h_2026/models/ml4h_llama_exp1_meds_centiles_none_fusedTrue_discrete_time_tokens-s42/checkpoint-186135,/gpfs/data/bbj-lab/users/daniel/input-representation-benchmark/outputs/runs/tokenized/mimiciv-3.1_meds_70-10-20/centiles_none_fused_time_tokens_first_24h-tokenized/train/vocab.gzip
Hemoglobin,LAB_lab//51222//g/dl,fused_centiles,36,0.10431548,-0.5652609,0.10733215510845184,0.09121498465538025,/gpfs/data/bbj-lab/users/daniel/input-representation-benchmark/outputs/runs/ml4h_2026/models/ml4h_llama_exp1_meds_centiles_none_fusedTrue_discrete_time_tokens-s42/checkpoint-186135,/gpfs/data/bbj-lab/users/daniel/input-representation-benchmark/outputs/runs/tokenized/mimiciv-3.1_meds_70-10-20/centiles_none_fused_time_tokens_first_24h-tokenized/train/vocab.gzip
Hemoglobin,LAB_lab//51222//g/dl,fused_centiles,38,0.19684108,-0.5021424,0.10733215510845184,0.09121498465538025,/gpfs/data/bbj-lab/users/daniel/input-representation-benchmark/outputs/runs/ml4h_2026/models/ml4h_llama_exp1_meds_centiles_none_fusedTrue_discrete_time_tokens-s42/checkpoint-186135,/gpfs/data/bbj-lab/users/daniel/input-representation-benchmark/outputs/runs/tokenized/mimiciv-3.1_meds_70-10-20/centiles_none_fused_time_tokens_first_24h-tokenized/train/vocab.gzip
Hemoglobin,LAB_lab//51222//g/dl,fused_centiles,40,0.37923244,-0.43979812,0.10733215510845184,0.09121498465538025,/gpfs/data/bbj-lab/users/daniel/input-representation-benchmark/outputs/runs/ml4h_2026/models/ml4h_llama_exp1_meds_centiles_none_fusedTrue_discrete_time_tokens-s42/checkpoint-186135,/gpfs/data/bbj-lab/users/daniel/input-representation-benchmark/outputs/runs/tokenized/mimiciv-3.1_meds_70-10-20/centiles_none_fused_time_tokens_first_24h-tokenized/train/vocab.gzip
Hemoglobin,LAB_lab//51222//g/dl,fused_centiles,42,0.46430045,-0.2800828,0.10733215510845184,0.09121498465538025,/gpfs/data/bbj-lab/users/daniel/input-representation-benchmark/outputs/runs/ml4h_2026/models/ml4h_llama_exp1_meds_centiles_none_fusedTrue_discrete_time_tokens-s42/checkpoint-186135,/gpfs/data/bbj-lab/users/daniel/input-representation-benchmark/outputs/runs/tokenized/mimiciv-3.1_meds_70-10-20/centiles_none_fused_time_tokens_first_24h-tokenized/train/vocab.gzip
Hemoglobin,LAB_lab//51222//g/dl,fused_centiles,43,0.4062912,-0.12493769,0.10733215510845184,0.09121498465538025,/gpfs/data/bbj-lab/users/daniel/input-representation-benchmark/outputs/runs/ml4h_2026/models/ml4h_llama_exp1_meds_centiles_none_fusedTrue_discrete_time_tokens-s42/checkpoint-186135,/gpfs/data/bbj-lab/users/daniel/input-representation-benchmark/outputs/runs/tokenized/mimiciv-3.1_meds_70-10-20/centiles_none_fused_time_tokens_first_24h-tokenized/train/vocab.gzip
Hemoglobin,LAB_lab//51222//g/dl,fused_centiles,45,0.44975322,-0.014961282,0.10733215510845184,0.09121498465538025,/gpfs/data/bbj-lab/users/daniel/input-representation-benchmark/outputs/runs/ml4h_2026/models/ml4h_llama_exp1_meds_centiles_none_fusedTrue_discrete_time_tokens-s42/checkpoint-186135,/gpfs/data/bbj-lab/users/daniel/input-representation-benchmark/outputs/runs/tokenized/mimiciv-3.1_meds_70-10-20/centiles_none_fused_time_tokens_first_24h-tokenized/train/vocab.gzip
Hemoglobin,LAB_lab//51222//g/dl,fused_centiles,47,0.38289297,0.015332028,0.10733215510845184,0.09121498465538025,/gpfs/data/bbj-lab/users/daniel/input-representation-benchmark/outputs/runs/ml4h_2026/models/ml4h_llama_exp1_meds_centiles_none_fusedTrue_discrete_time_tokens-s42/checkpoint-186135,/gpfs/data/bbj-lab/users/daniel/input-representation-benchmark/outputs/runs/tokenized/mimiciv-3.1_meds_70-10-20/centiles_none_fused_time_tokens_first_24h-tokenized/train/vocab.gzip
Hemoglobin,LAB_lab//51222//g/dl,fused_centiles,48,0.3265428,0.16901492,0.10733215510845184,0.09121498465538025,/gpfs/data/bbj-lab/users/daniel/input-representation-benchmark/outputs/runs/ml4h_2026/models/ml4h_llama_exp1_meds_centiles_none_fusedTrue_discrete_time_tokens-s42/checkpoint-186135,/gpfs/data/bbj-lab/users/daniel/input-representation-benchmark/outputs/runs/tokenized/mimiciv-3.1_meds_70-10-20/centiles_none_fused_time_tokens_first_24h-tokenized/train/vocab.gzip
Hemoglobin,LAB_lab//51222//g/dl,fused_centiles,50,0.22326986,0.17010933,0.10733215510845184,0.09121498465538025,/gpfs/data/bbj-lab/users/daniel/input-representation-benchmark/outputs/runs/ml4h_2026/models/ml4h_llama_exp1_meds_centiles_none_fusedTrue_discrete_time_tokens-s42/checkpoint-186135,/gpfs/data/bbj-lab/users/daniel/input-representation-benchmark/outputs/runs/tokenized/mimiciv-3.1_meds_70-10-20/centiles_none_fused_time_tokens_first_24h-tokenized/train/vocab.gzip
Hemoglobin,LAB_lab//51222//g/dl,fused_centiles,52,0.14506072,0.32855806,0.10733215510845184,0.09121498465538025,/gpfs/data/bbj-lab/users/daniel/input-representation-benchmark/outputs/runs/ml4h_2026/models/ml4h_llama_exp1_meds_centiles_none_fusedTrue_discrete_time_tokens-s42/checkpoint-186135,/gpfs/data/bbj-lab/users/daniel/input-representation-benchmark/outputs/runs/tokenized/mimiciv-3.1_meds_70-10-20/centiles_none_fused_time_tokens_first_24h-tokenized/train/vocab.gzip
Hemoglobin,LAB_lab//51222//g/dl,fused_centiles,53,0.15735883,0.2192901,0.10733215510845184,0.09121498465538025,/gpfs/data/bbj-lab/users/daniel/input-representation-benchmark/outputs/runs/ml4h_2026/models/ml4h_llama_exp1_meds_centiles_none_fusedTrue_discrete_time_tokens-s42/checkpoint-186135,/gpfs/data/bbj-lab/users/daniel/input-representation-benchmark/outputs/runs/tokenized/mimiciv-3.1_meds_70-10-20/centiles_none_fused_time_tokens_first_24h-tokenized/train/vocab.gzip
Hemoglobin,LAB_lab//51222//g/dl,fused_centiles,55,0.19074881,0.24885854,0.10733215510845184,0.09121498465538025,/gpfs/data/bbj-lab/users/daniel/input-representation-benchmark/outputs/runs/ml4h_2026/models/ml4h_llama_exp1_meds_centiles_none_fusedTrue_discrete_time_tokens-s42/checkpoint-186135,/gpfs/data/bbj-lab/users/daniel/input-representation-benchmark/outputs/runs/tokenized/mimiciv-3.1_meds_70-10-20/centiles_none_fused_time_tokens_first_24h-tokenized/train/vocab.gzip
Hemoglobin,LAB_lab//51222//g/dl,fused_centiles,57,0.14765522,0.20651539,0.10733215510845184,0.09121498465538025,/gpfs/data/bbj-lab/users/daniel/input-representation-benchmark/outputs/runs/ml4h_2026/models/ml4h_llama_exp1_meds_centiles_none_fusedTrue_discrete_time_tokens-s42/checkpoint-186135,/gpfs/data/bbj-lab/users/daniel/input-representation-benchmark/outputs/runs/tokenized/mimiciv-3.1_meds_70-10-20/centiles_none_fused_time_tokens_first_24h-tokenized/train/vocab.gzip
Hemoglobin,LAB_lab//51222//g/dl,fused_centiles,58,0.175585,0.13403171,0.10733215510845184,0.09121498465538025,/gpfs/data/bbj-lab/users/daniel/input-representation-benchmark/outputs/runs/ml4h_2026/models/ml4h_llama_exp1_meds_centiles_none_fusedTrue_discrete_time_tokens-s42/checkpoint-186135,/gpfs/data/bbj-lab/users/daniel/input-representation-benchmark/outputs/runs/tokenized/mimiciv-3.1_meds_70-10-20/centiles_none_fused_time_tokens_first_24h-tokenized/train/vocab.gzip
Hemoglobin,LAB_lab//51222//g/dl,fused_centiles,60,0.22174914,0.13033238,0.10733215510845184,0.09121498465538025,/gpfs/data/bbj-lab/users/daniel/input-representation-benchmark/outputs/runs/ml4h_2026/models/ml4h_llama_exp1_meds_centiles_none_fusedTrue_discrete_time_tokens-s42/checkpoint-186135,/gpfs/data/bbj-lab/users/daniel/input-representation-benchmark/outputs/runs/tokenized/mimiciv-3.1_meds_70-10-20/centiles_none_fused_time_tokens_first_24h-tokenized/train/vocab.gzip
Hemoglobin,LAB_lab//51222//g/dl,fused_centiles,61,0.30815244,0.07083331,0.10733215510845184,0.09121498465538025,/gpfs/data/bbj-lab/users/daniel/input-representation-benchmark/outputs/runs/ml4h_2026/models/ml4h_llama_exp1_meds_centiles_none_fusedTrue_discrete_time_tokens-s42/checkpoint-186135,/gpfs/data/bbj-lab/users/daniel/input-representation-benchmark/outputs/runs/tokenized/mimiciv-3.1_meds_70-10-20/centiles_none_fused_time_tokens_first_24h-tokenized/train/vocab.gzip
Hemoglobin,LAB_lab//51222//g/dl,fused_centiles,63,0.28012756,0.027322128,0.10733215510845184,0.09121498465538025,/gpfs/data/bbj-lab/users/daniel/input-representation-benchmark/outputs/runs/ml4h_2026/models/ml4h_llama_exp1_meds_centiles_none_fusedTrue_discrete_time_tokens-s42/checkpoint-186135,/gpfs/data/bbj-lab/users/daniel/input-representation-benchmark/outputs/runs/tokenized/mimiciv-3.1_meds_70-10-20/centiles_none_fused_time_tokens_first_24h-tokenized/train/vocab.gzip
Hemoglobin,LAB_lab//51222//g/dl,fused_centiles,64,0.2832656,0.06668333,0.10733215510845184,0.09121498465538025,/gpfs/data/bbj-lab/users/daniel/input-representation-benchmark/outputs/runs/ml4h_2026/models/ml4h_llama_exp1_meds_centiles_none_fusedTrue_discrete_time_tokens-s42/checkpoint-186135,/gpfs/data/bbj-lab/users/daniel/input-representation-benchmark/outputs/runs/tokenized/mimiciv-3.1_meds_70-10-20/centiles_none_fused_time_tokens_first_24h-tokenized/train/vocab.gzip
Hemoglobin,LAB_lab//51222//g/dl,fused_centiles,66,0.25361586,0.16255663,0.10733215510845184,0.09121498465538025,/gpfs/data/bbj-lab/users/daniel/input-representation-benchmark/outputs/runs/ml4h_2026/models/ml4h_llama_exp1_meds_centiles_none_fusedTrue_discrete_time_tokens-s42/checkpoint-186135,/gpfs/data/bbj-lab/users/daniel/input-representation-benchmark/outputs/runs/tokenized/mimiciv-3.1_meds_70-10-20/centiles_none_fused_time_tokens_first_24h-tokenized/train/vocab.gzip
Hemoglobin,LAB_lab//51222//g/dl,fused_centiles,67,0.23206031,0.19477937,0.10733215510845184,0.09121498465538025,/gpfs/data/bbj-lab/users/daniel/input-representation-benchmark/outputs/runs/ml4h_2026/models/ml4h_llama_exp1_meds_centiles_none_fusedTrue_discrete_time_tokens-s42/checkpoint-186135,/gpfs/data/bbj-lab/users/daniel/input-representation-benchmark/outputs/runs/tokenized/mimiciv-3.1_meds_70-10-20/centiles_none_fused_time_tokens_first_24h-tokenized/train/vocab.gzip
Hemoglobin,LAB_lab//51222//g/dl,fused_centiles,68,0.16396609,0.2997759,0.10733215510845184,0.09121498465538025,/gpfs/data/bbj-lab/users/daniel/input-representation-benchmark/outputs/runs/ml4h_2026/models/ml4h_llama_exp1_meds_centiles_none_fusedTrue_discrete_time_tokens-s42/checkpoint-186135,/gpfs/data/bbj-lab/users/daniel/input-representation-benchmark/outputs/runs/tokenized/mimiciv-3.1_meds_70-10-20/centiles_none_fused_time_tokens_first_24h-tokenized/train/vocab.gzip
Hemoglobin,LAB_lab//51222//g/dl,fused_centiles,70,0.04720654,0.43283218,0.10733215510845184,0.09121498465538025,/gpfs/data/bbj-lab/users/daniel/input-representation-benchmark/outputs/runs/ml4h_2026/models/ml4h_llama_exp1_meds_centiles_none_fusedTrue_discrete_time_tokens-s42/checkpoint-186135,/gpfs/data/bbj-lab/users/daniel/input-representation-benchmark/outputs/runs/tokenized/mimiciv-3.1_meds_70-10-20/centiles_none_fused_time_tokens_first_24h-tokenized/train/vocab.gzip
Hemoglobin,LAB_lab//51222//g/dl,fused_centiles,71,-0.10387573,0.40162754,0.10733215510845184,0.09121498465538025,/gpfs/data/bbj-lab/users/daniel/input-representation-benchmark/outputs/runs/ml4h_2026/models/ml4h_llama_exp1_meds_centiles_none_fusedTrue_discrete_time_tokens-s42/checkpoint-186135,/gpfs/data/bbj-lab/users/daniel/input-representation-benchmark/outputs/runs/tokenized/mimiciv-3.1_meds_70-10-20/centiles_none_fused_time_tokens_first_24h-tokenized/train/vocab.gzip
Hemoglobin,LAB_lab//51222//g/dl,fused_centiles,72,-0.21383235,0.5146216,0.10733215510845184,0.09121498465538025,/gpfs/data/bbj-lab/users/daniel/input-representation-benchmark/outputs/runs/ml4h_2026/models/ml4h_llama_exp1_meds_centiles_none_fusedTrue_discrete_time_tokens-s42/checkpoint-186135,/gpfs/data/bbj-lab/users/daniel/input-representation-benchmark/outputs/runs/tokenized/mimiciv-3.1_meds_70-10-20/centiles_none_fused_time_tokens_first_24h-tokenized/train/vocab.gzip
Hemoglobin,LAB_lab//51222//g/dl,fused_centiles,74,-0.37803122,0.45007822,0.10733215510845184,0.09121498465538025,/gpfs/data/bbj-lab/users/daniel/input-representation-benchmark/outputs/runs/ml4h_2026/models/ml4h_llama_exp1_meds_centiles_none_fusedTrue_discrete_time_tokens-s42/checkpoint-186135,/gpfs/data/bbj-lab/users/daniel/input-representation-benchmark/outputs/runs/tokenized/mimiciv-3.1_meds_70-10-20/centiles_none_fused_time_tokens_first_24h-tokenized/train/vocab.gzip
Hemoglobin,LAB_lab//51222//g/dl,fused_centiles,75,-0.509859,0.47298676,0.10733215510845184,0.09121498465538025,/gpfs/data/bbj-lab/users/daniel/input-representation-benchmark/outputs/runs/ml4h_2026/models/ml4h_llama_exp1_meds_centiles_none_fusedTrue_discrete_time_tokens-s42/checkpoint-186135,/gpfs/data/bbj-lab/users/daniel/input-representation-benchmark/outputs/runs/tokenized/mimiciv-3.1_meds_70-10-20/centiles_none_fused_time_tokens_first_24h-tokenized/train/vocab.gzip
Hemoglobin,LAB_lab//51222//g/dl,fused_centiles,76,-0.64957917,0.43008202,0.10733215510845184,0.09121498465538025,/gpfs/data/bbj-lab/users/daniel/input-representation-benchmark/outputs/runs/ml4h_2026/models/ml4h_llama_exp1_meds_centiles_none_fusedTrue_discrete_time_tokens-s42/checkpoint-186135,/gpfs/data/bbj-lab/users/daniel/input-representation-benchmark/outputs/runs/tokenized/mimiciv-3.1_meds_70-10-20/centiles_none_fused_time_tokens_first_24h-tokenized/train/vocab.gzip
Hemoglobin,LAB_lab//51222//g/dl,fused_centiles,77,-0.66053927,0.34075034,0.10733215510845184,0.09121498465538025,/gpfs/data/bbj-lab/users/daniel/input-representation-benchmark/outputs/runs/ml4h_2026/models/ml4h_llama_exp1_meds_centiles_none_fusedTrue_discrete_time_tokens-s42/checkpoint-186135,/gpfs/data/bbj-lab/users/daniel/input-representation-benchmark/outputs/runs/tokenized/mimiciv-3.1_meds_70-10-20/centiles_none_fused_time_tokens_first_24h-tokenized/train/vocab.gzip
Hemoglobin,LAB_lab//51222//g/dl,fused_centiles,78,-0.7720233,0.18408856,0.10733215510845184,0.09121498465538025,/gpfs/data/bbj-lab/users/daniel/input-representation-benchmark/outputs/runs/ml4h_2026/models/ml4h_llama_exp1_meds_centiles_none_fusedTrue_discrete_time_tokens-s42/checkpoint-186135,/gpfs/data/bbj-lab/users/daniel/input-representation-benchmark/outputs/runs/tokenized/mimiciv-3.1_meds_70-10-20/centiles_none_fused_time_tokens_first_24h-tokenized/train/vocab.gzip
Hemoglobin,LAB_lab//51222//g/dl,fused_centiles,80,-0.769153,-0.030940592,0.10733215510845184,0.09121498465538025,/gpfs/data/bbj-lab/users/daniel/input-representation-benchmark/outputs/runs/ml4h_2026/models/ml4h_llama_exp1_meds_centiles_none_fusedTrue_discrete_time_tokens-s42/checkpoint-186135,/gpfs/data/bbj-lab/users/daniel/input-representation-benchmark/outputs/runs/tokenized/mimiciv-3.1_meds_70-10-20/centiles_none_fused_time_tokens_first_24h-tokenized/train/vocab.gzip
Hemoglobin,LAB_lab//51222//g/dl,fused_centiles,81,-0.7615845,-0.15441057,0.10733215510845184,0.09121498465538025,/gpfs/data/bbj-lab/users/daniel/input-representation-benchmark/outputs/runs/ml4h_2026/models/ml4h_llama_exp1_meds_centiles_none_fusedTrue_discrete_time_tokens-s42/checkpoint-186135,/gpfs/data/bbj-lab/users/daniel/input-representation-benchmark/outputs/runs/tokenized/mimiciv-3.1_meds_70-10-20/centiles_none_fused_time_tokens_first_24h-tokenized/train/vocab.gzip
Hemoglobin,LAB_lab//51222//g/dl,fused_centiles,82,-0.7828592,-0.34705794,0.10733215510845184,0.09121498465538025,/gpfs/data/bbj-lab/users/daniel/input-representation-benchmark/outputs/runs/ml4h_2026/models/ml4h_llama_exp1_meds_centiles_none_fusedTrue_discrete_time_tokens-s42/checkpoint-186135,/gpfs/data/bbj-lab/users/daniel/input-representation-benchmark/outputs/runs/tokenized/mimiciv-3.1_meds_70-10-20/centiles_none_fused_time_tokens_first_24h-tokenized/train/vocab.gzip
Hemoglobin,LAB_lab//51222//g/dl,fused_centiles,83,-0.6582632,-0.48325944,0.10733215510845184,0.09121498465538025,/gpfs/data/bbj-lab/users/daniel/input-representation-benchmark/outputs/runs/ml4h_2026/models/ml4h_llama_exp1_meds_centiles_none_fusedTrue_discrete_time_tokens-s42/checkpoint-186135,/gpfs/data/bbj-lab/users/daniel/input-representation-benchmark/outputs/runs/tokenized/mimiciv-3.1_meds_70-10-20/centiles_none_fused_time_tokens_first_24h-tokenized/train/vocab.gzip
Hemoglobin,LAB_lab//51222//g/dl,fused_centiles,84,-0.5927625,-0.5952851,0.10733215510845184,0.09121498465538025,/gpfs/data/bbj-lab/users/daniel/input-representation-benchmark/outputs/runs/ml4h_2026/models/ml4h_llama_exp1_meds_centiles_none_fusedTrue_discrete_time_tokens-s42/checkpoint-186135,/gpfs/data/bbj-lab/users/daniel/input-representation-benchmark/outputs/runs/tokenized/mimiciv-3.1_meds_70-10-20/centiles_none_fused_time_tokens_first_24h-tokenized/train/vocab.gzip
Hemoglobin,LAB_lab//51222//g/dl,fused_centiles,85,-0.41515252,-0.65491664,0.10733215510845184,0.09121498465538025,/gpfs/data/bbj-lab/users/daniel/input-representation-benchmark/outputs/runs/ml4h_2026/models/ml4h_llama_exp1_meds_centiles_none_fusedTrue_discrete_time_tokens-s42/checkpoint-186135,/gpfs/data/bbj-lab/users/daniel/input-representation-benchmark/outputs/runs/tokenized/mimiciv-3.1_meds_70-10-20/centiles_none_fused_time_tokens_first_24h-tokenized/train/vocab.gzip
Hemoglobin,LAB_lab//51222//g/dl,fused_centiles,86,-0.26811755,-0.7659763,0.10733215510845184,0.09121498465538025,/gpfs/data/bbj-lab/users/daniel/input-representation-benchmark/outputs/runs/ml4h_2026/models/ml4h_llama_exp1_meds_centiles_none_fusedTrue_discrete_time_tokens-s42/checkpoint-186135,/gpfs/data/bbj-lab/users/daniel/input-representation-benchmark/outputs/runs/tokenized/mimiciv-3.1_meds_70-10-20/centiles_none_fused_time_tokens_first_24h-tokenized/train/vocab.gzip
Hemoglobin,LAB_lab//51222//g/dl,fused_centiles,87,-0.10705844,-0.74413604,0.10733215510845184,0.09121498465538025,/gpfs/data/bbj-lab/users/daniel/input-representation-benchmark/outputs/runs/ml4h_2026/models/ml4h_llama_exp1_meds_centiles_none_fusedTrue_discrete_time_tokens-s42/checkpoint-186135,/gpfs/data/bbj-lab/users/daniel/input-representation-benchmark/outputs/runs/tokenized/mimiciv-3.1_meds_70-10-20/centiles_none_fused_time_tokens_first_24h-tokenized/train/vocab.gzip
Hemoglobin,LAB_lab//51222//g/dl,fused_centiles,88,0.04085359,-0.7595162,0.10733215510845184,0.09121498465538025,/gpfs/data/bbj-lab/users/daniel/input-representation-benchmark/outputs/runs/ml4h_2026/models/ml4h_llama_exp1_meds_centiles_none_fusedTrue_discrete_time_tokens-s42/checkpoint-186135,/gpfs/data/bbj-lab/users/daniel/input-representation-benchmark/outputs/runs/tokenized/mimiciv-3.1_meds_70-10-20/centiles_none_fused_time_tokens_first_24h-tokenized/train/vocab.gzip
Hemoglobin,LAB_lab//51222//g/dl,fused_centiles,89,0.1814102,-0.68342686,0.10733215510845184,0.09121498465538025,/gpfs/data/bbj-lab/users/daniel/input-representation-benchmark/outputs/runs/ml4h_2026/models/ml4h_llama_exp1_meds_centiles_none_fusedTrue_discrete_time_tokens-s42/checkpoint-186135,/gpfs/data/bbj-lab/users/daniel/input-representation-benchmark/outputs/runs/tokenized/mimiciv-3.1_meds_70-10-20/centiles_none_fused_time_tokens_first_24h-tokenized/train/vocab.gzip
Hemoglobin,LAB_lab//51222//g/dl,fused_centiles,90,0.38049352,-0.5746517,0.10733215510845184,0.09121498465538025,/gpfs/data/bbj-lab/users/daniel/input-representation-benchmark/outputs/runs/ml4h_2026/models/ml4h_llama_exp1_meds_centiles_none_fusedTrue_discrete_time_tokens-s42/checkpoint-186135,/gpfs/data/bbj-lab/users/daniel/input-representation-benchmark/outputs/runs/tokenized/mimiciv-3.1_meds_70-10-20/centiles_none_fused_time_tokens_first_24h-tokenized/train/vocab.gzip
Hemoglobin,LAB_lab//51222//g/dl,fused_centiles,91,0.5339681,-0.42637968,0.10733215510845184,0.09121498465538025,/gpfs/data/bbj-lab/users/daniel/input-representation-benchmark/outputs/runs/ml4h_2026/models/ml4h_llama_exp1_meds_centiles_none_fusedTrue_discrete_time_tokens-s42/checkpoint-186135,/gpfs/data/bbj-lab/users/daniel/input-representation-benchmark/outputs/runs/tokenized/mimiciv-3.1_meds_70-10-20/centiles_none_fused_time_tokens_first_24h-tokenized/train/vocab.gzip
Hemoglobin,LAB_lab//51222//g/dl,fused_centiles,92,0.5935051,-0.32030922,0.10733215510845184,0.09121498465538025,/gpfs/data/bbj-lab/users/daniel/input-representation-benchmark/outputs/runs/ml4h_2026/models/ml4h_llama_exp1_meds_centiles_none_fusedTrue_discrete_time_tokens-s42/checkpoint-186135,/gpfs/data/bbj-lab/users/daniel/input-representation-benchmark/outputs/runs/tokenized/mimiciv-3.1_meds_70-10-20/centiles_none_fused_time_tokens_first_24h-tokenized/train/vocab.gzip
Hemoglobin,LAB_lab//51222//g/dl,fused_centiles,93,0.63471425,-0.17798679,0.10733215510845184,0.09121498465538025,/gpfs/data/bbj-lab/users/daniel/input-representation-benchmark/outputs/runs/ml4h_2026/models/ml4h_llama_exp1_meds_centiles_none_fusedTrue_discrete_time_tokens-s42/checkpoint-186135,/gpfs/data/bbj-lab/users/daniel/input-representation-benchmark/outputs/runs/tokenized/mimiciv-3.1_meds_70-10-20/centiles_none_fused_time_tokens_first_24h-tokenized/train/vocab.gzip
Hemoglobin,LAB_lab//51222//g/dl,fused_centiles,94,0.6197287,0.023717273,0.10733215510845184,0.09121498465538025,/gpfs/data/bbj-lab/users/daniel/input-representation-benchmark/outputs/runs/ml4h_2026/models/ml4h_llama_exp1_meds_centiles_none_fusedTrue_discrete_time_tokens-s42/checkpoint-186135,/gpfs/data/bbj-lab/users/daniel/input-representation-benchmark/outputs/runs/tokenized/mimiciv-3.1_meds_70-10-20/centiles_none_fused_time_tokens_first_24h-tokenized/train/vocab.gzip
Hemoglobin,LAB_lab//51222//g/dl,fused_centiles,95,0.5310596,0.21097311,0.10733215510845184,0.09121498465538025,/gpfs/data/bbj-lab/users/daniel/input-representation-benchmark/outputs/runs/ml4h_2026/models/ml4h_llama_exp1_meds_centiles_none_fusedTrue_discrete_time_tokens-s42/checkpoint-186135,/gpfs/data/bbj-lab/users/daniel/input-representation-benchmark/outputs/runs/tokenized/mimiciv-3.1_meds_70-10-20/centiles_none_fused_time_tokens_first_24h-tokenized/train/vocab.gzip
Hemoglobin,LAB_lab//51222//g/dl,fused_centiles,96,0.46767893,0.34542364,0.10733215510845184,0.09121498465538025,/gpfs/data/bbj-lab/users/daniel/input-representation-benchmark/outputs/runs/ml4h_2026/models/ml4h_llama_exp1_meds_centiles_none_fusedTrue_discrete_time_tokens-s42/checkpoint-186135,/gpfs/data/bbj-lab/users/daniel/input-representation-benchmark/outputs/runs/tokenized/mimiciv-3.1_meds_70-10-20/centiles_none_fused_time_tokens_first_24h-tokenized/train/vocab.gzip
Hemoglobin,LAB_lab//51222//g/dl,fused_centiles,97,0.24622495,0.46561024,0.10733215510845184,0.09121498465538025,/gpfs/data/bbj-lab/users/daniel/input-representation-benchmark/outputs/runs/ml4h_2026/models/ml4h_llama_exp1_meds_centiles_none_fusedTrue_discrete_time_tokens-s42/checkpoint-186135,/gpfs/data/bbj-lab/users/daniel/input-representation-benchmark/outputs/runs/tokenized/mimiciv-3.1_meds_70-10-20/centiles_none_fused_time_tokens_first_24h-tokenized/train/vocab.gzip
Hemoglobin,LAB_lab//51222//g/dl,fused_centiles,98,0.24210206,0.43296486,0.10733215510845184,0.09121498465538025,/gpfs/data/bbj-lab/users/daniel/input-representation-benchmark/outputs/runs/ml4h_2026/models/ml4h_llama_exp1_meds_centiles_none_fusedTrue_discrete_time_tokens-s42/checkpoint-186135,/gpfs/data/bbj-lab/users/daniel/input-representation-benchmark/outputs/runs/tokenized/mimiciv-3.1_meds_70-10-20/centiles_none_fused_time_tokens_first_24h-tokenized/train/vocab.gzip
Hemoglobin,LAB_lab//51222//g/dl,fused_centiles,99,0.14846864,0.34609342,0.10733215510845184,0.09121498465538025,/gpfs/data/bbj-lab/users/daniel/input-representation-benchmark/outputs/runs/ml4h_2026/models/ml4h_llama_exp1_meds_centiles_none_fusedTrue_discrete_time_tokens-s42/checkpoint-186135,/gpfs/data/bbj-lab/users/daniel/input-representation-benchmark/outputs/runs/tokenized/mimiciv-3.1_meds_70-10-20/centiles_none_fused_time_tokens_first_24h-tokenized/train/vocab.gzip
Creatinine,LAB_lab//50912//mg/dl,fused_centiles,0,-0.47534674,0.12601295,0.18830154836177826,0.16233310103416443,/gpfs/data/bbj-lab/users/daniel/input-representation-benchmark/outputs/runs/ml4h_2026/models/ml4h_llama_exp1_meds_centiles_none_fusedTrue_discrete_time_tokens-s42/checkpoint-186135,/gpfs/data/bbj-lab/users/daniel/input-representation-benchmark/outputs/runs/tokenized/mimiciv-3.1_meds_70-10-20/centiles_none_fused_time_tokens_first_24h-tokenized/train/vocab.gzip
Creatinine,LAB_lab//50912//mg/dl,fused_centiles,1,-0.53860784,-0.01745288,0.18830154836177826,0.16233310103416443,/gpfs/data/bbj-lab/users/daniel/input-representation-benchmark/outputs/runs/ml4h_2026/models/ml4h_llama_exp1_meds_centiles_none_fusedTrue_discrete_time_tokens-s42/checkpoint-186135,/gpfs/data/bbj-lab/users/daniel/input-representation-benchmark/outputs/runs/tokenized/mimiciv-3.1_meds_70-10-20/centiles_none_fused_time_tokens_first_24h-tokenized/train/vocab.gzip
Creatinine,LAB_lab//50912//mg/dl,fused_centiles,4,-0.61602706,-0.057002313,0.18830154836177826,0.16233310103416443,/gpfs/data/bbj-lab/users/daniel/input-representation-benchmark/outputs/runs/ml4h_2026/models/ml4h_llama_exp1_meds_centiles_none_fusedTrue_discrete_time_tokens-s42/checkpoint-186135,/gpfs/data/bbj-lab/users/daniel/input-representation-benchmark/outputs/runs/tokenized/mimiciv-3.1_meds_70-10-20/centiles_none_fused_time_tokens_first_24h-tokenized/train/vocab.gzip
Creatinine,LAB_lab//50912//mg/dl,fused_centiles,6,-0.4661556,0.02606064,0.18830154836177826,0.16233310103416443,/gpfs/data/bbj-lab/users/daniel/input-representation-benchmark/outputs/runs/ml4h_2026/models/ml4h_llama_exp1_meds_centiles_none_fusedTrue_discrete_time_tokens-s42/checkpoint-186135,/gpfs/data/bbj-lab/users/daniel/input-representation-benchmark/outputs/runs/tokenized/mimiciv-3.1_meds_70-10-20/centiles_none_fused_time_tokens_first_24h-tokenized/train/vocab.gzip
Creatinine,LAB_lab//50912//mg/dl,fused_centiles,10,-0.6868597,0.05208815,0.18830154836177826,0.16233310103416443,/gpfs/data/bbj-lab/users/daniel/input-representation-benchmark/outputs/runs/ml4h_2026/models/ml4h_llama_exp1_meds_centiles_none_fusedTrue_discrete_time_tokens-s42/checkpoint-186135,/gpfs/data/bbj-lab/users/daniel/input-representation-benchmark/outputs/runs/tokenized/mimiciv-3.1_meds_70-10-20/centiles_none_fused_time_tokens_first_24h-tokenized/train/vocab.gzip
Creatinine,LAB_lab//50912//mg/dl,fused_centiles,19,-0.6972215,0.14655466,0.18830154836177826,0.16233310103416443,/gpfs/data/bbj-lab/users/daniel/input-representation-benchmark/outputs/runs/ml4h_2026/models/ml4h_llama_exp1_meds_centiles_none_fusedTrue_discrete_time_tokens-s42/checkpoint-186135,/gpfs/data/bbj-lab/users/daniel/input-representation-benchmark/outputs/runs/tokenized/mimiciv-3.1_meds_70-10-20/centiles_none_fused_time_tokens_first_24h-tokenized/train/vocab.gzip
Creatinine,LAB_lab//50912//mg/dl,fused_centiles,30,-0.6531291,0.1695764,0.18830154836177826,0.16233310103416443,/gpfs/data/bbj-lab/users/daniel/input-representation-benchmark/outputs/runs/ml4h_2026/models/ml4h_llama_exp1_meds_centiles_none_fusedTrue_discrete_time_tokens-s42/checkpoint-186135,/gpfs/data/bbj-lab/users/daniel/input-representation-benchmark/outputs/runs/tokenized/mimiciv-3.1_meds_70-10-20/centiles_none_fused_time_tokens_first_24h-tokenized/train/vocab.gzip
Creatinine,LAB_lab//50912//mg/dl,fused_centiles,40,-0.5367571,0.3600769,0.18830154836177826,0.16233310103416443,/gpfs/data/bbj-lab/users/daniel/input-representation-benchmark/outputs/runs/ml4h_2026/models/ml4h_llama_exp1_meds_centiles_none_fusedTrue_discrete_time_tokens-s42/checkpoint-186135,/gpfs/data/bbj-lab/users/daniel/input-representation-benchmark/outputs/runs/tokenized/mimiciv-3.1_meds_70-10-20/centiles_none_fused_time_tokens_first_24h-tokenized/train/vocab.gzip
Creatinine,LAB_lab//50912//mg/dl,fused_centiles,49,-0.481121,0.38729012,0.18830154836177826,0.16233310103416443,/gpfs/data/bbj-lab/users/daniel/input-representation-benchmark/outputs/runs/ml4h_2026/models/ml4h_llama_exp1_meds_centiles_none_fusedTrue_discrete_time_tokens-s42/checkpoint-186135,/gpfs/data/bbj-lab/users/daniel/input-representation-benchmark/outputs/runs/tokenized/mimiciv-3.1_meds_70-10-20/centiles_none_fused_time_tokens_first_24h-tokenized/train/vocab.gzip
Creatinine,LAB_lab//50912//mg/dl,fused_centiles,57,-0.3511076,0.4548931,0.18830154836177826,0.16233310103416443,/gpfs/data/bbj-lab/users/daniel/input-representation-benchmark/outputs/runs/ml4h_2026/models/ml4h_llama_exp1_meds_centiles_none_fusedTrue_discrete_time_tokens-s42/checkpoint-186135,/gpfs/data/bbj-lab/users/daniel/input-representation-benchmark/outputs/runs/tokenized/mimiciv-3.1_meds_70-10-20/centiles_none_fused_time_tokens_first_24h-tokenized/train/vocab.gzip
Creatinine,LAB_lab//50912//mg/dl,fused_centiles,62,-0.16137221,0.5618179,0.18830154836177826,0.16233310103416443,/gpfs/data/bbj-lab/users/daniel/input-representation-benchmark/outputs/runs/ml4h_2026/models/ml4h_llama_exp1_meds_centiles_none_fusedTrue_discrete_time_tokens-s42/checkpoint-186135,/gpfs/data/bbj-lab/users/daniel/input-representation-benchmark/outputs/runs/tokenized/mimiciv-3.1_meds_70-10-20/centiles_none_fused_time_tokens_first_24h-tokenized/train/vocab.gzip
Creatinine,LAB_lab//50912//mg/dl,fused_centiles,67,-0.027726866,0.61334956,0.18830154836177826,0.16233310103416443,/gpfs/data/bbj-lab/users/daniel/input-representation-benchmark/outputs/runs/ml4h_2026/models/ml4h_llama_exp1_meds_centiles_none_fusedTrue_discrete_time_tokens-s42/checkpoint-186135,/gpfs/data/bbj-lab/users/daniel/input-representation-benchmark/outputs/runs/tokenized/mimiciv-3.1_meds_70-10-20/centiles_none_fused_time_tokens_first_24h-tokenized/train/vocab.gzip
Creatinine,LAB_lab//50912//mg/dl,fused_centiles,71,0.14618525,0.67104506,0.18830154836177826,0.16233310103416443,/gpfs/data/bbj-lab/users/daniel/input-representation-benchmark/outputs/runs/ml4h_2026/models/ml4h_llama_exp1_meds_centiles_none_fusedTrue_discrete_time_tokens-s42/checkpoint-186135,/gpfs/data/bbj-lab/users/daniel/input-representation-benchmark/outputs/runs/tokenized/mimiciv-3.1_meds_70-10-20/centiles_none_fused_time_tokens_first_24h-tokenized/train/vocab.gzip
Creatinine,LAB_lab//50912//mg/dl,fused_centiles,74,0.23728187,0.58914435,0.18830154836177826,0.16233310103416443,/gpfs/data/bbj-lab/users/daniel/input-representation-benchmark/outputs/runs/ml4h_2026/models/ml4h_llama_exp1_meds_centiles_none_fusedTrue_discrete_time_tokens-s42/checkpoint-186135,/gpfs/data/bbj-lab/users/daniel/input-representation-benchmark/outputs/runs/tokenized/mimiciv-3.1_meds_70-10-20/centiles_none_fused_time_tokens_first_24h-tokenized/train/vocab.gzip
Creatinine,LAB_lab//50912//mg/dl,fused_centiles,76,0.29336613,0.52052426,0.18830154836177826,0.16233310103416443,/gpfs/data/bbj-lab/users/daniel/input-representation-benchmark/outputs/runs/ml4h_2026/models/ml4h_llama_exp1_meds_centiles_none_fusedTrue_discrete_time_tokens-s42/checkpoint-186135,/gpfs/data/bbj-lab/users/daniel/input-representation-benchmark/outputs/runs/tokenized/mimiciv-3.1_meds_70-10-20/centiles_none_fused_time_tokens_first_24h-tokenized/train/vocab.gzip
Creatinine,LAB_lab//50912//mg/dl,fused_centiles,78,0.42100984,0.44315594,0.18830154836177826,0.16233310103416443,/gpfs/data/bbj-lab/users/daniel/input-representation-benchmark/outputs/runs/ml4h_2026/models/ml4h_llama_exp1_meds_centiles_none_fusedTrue_discrete_time_tokens-s42/checkpoint-186135,/gpfs/data/bbj-lab/users/daniel/input-representation-benchmark/outputs/runs/tokenized/mimiciv-3.1_meds_70-10-20/centiles_none_fused_time_tokens_first_24h-tokenized/train/vocab.gzip
Creatinine,LAB_lab//50912//mg/dl,fused_centiles,80,0.51676655,0.35916787,0.18830154836177826,0.16233310103416443,/gpfs/data/bbj-lab/users/daniel/input-representation-benchmark/outputs/runs/ml4h_2026/models/ml4h_llama_exp1_meds_centiles_none_fusedTrue_discrete_time_tokens-s42/checkpoint-186135,/gpfs/data/bbj-lab/users/daniel/input-representation-benchmark/outputs/runs/tokenized/mimiciv-3.1_meds_70-10-20/centiles_none_fused_time_tokens_first_24h-tokenized/train/vocab.gzip
Creatinine,LAB_lab//50912//mg/dl,fused_centiles,82,0.5411617,0.26283962,0.18830154836177826,0.16233310103416443,/gpfs/data/bbj-lab/users/daniel/input-representation-benchmark/outputs/runs/ml4h_2026/models/ml4h_llama_exp1_meds_centiles_none_fusedTrue_discrete_time_tokens-s42/checkpoint-186135,/gpfs/data/bbj-lab/users/daniel/input-representation-benchmark/outputs/runs/tokenized/mimiciv-3.1_meds_70-10-20/centiles_none_fused_time_tokens_first_24h-tokenized/train/vocab.gzip
Creatinine,LAB_lab//50912//mg/dl,fused_centiles,83,0.5806252,0.18213907,0.18830154836177826,0.16233310103416443,/gpfs/data/bbj-lab/users/daniel/input-representation-benchmark/outputs/runs/ml4h_2026/models/ml4h_llama_exp1_meds_centiles_none_fusedTrue_discrete_time_tokens-s42/checkpoint-186135,/gpfs/data/bbj-lab/users/daniel/input-representation-benchmark/outputs/runs/tokenized/mimiciv-3.1_meds_70-10-20/centiles_none_fused_time_tokens_first_24h-tokenized/train/vocab.gzip
Creatinine,LAB_lab//50912//mg/dl,fused_centiles,84,0.6094589,0.111910775,0.18830154836177826,0.16233310103416443,/gpfs/data/bbj-lab/users/daniel/input-representation-benchmark/outputs/runs/ml4h_2026/models/ml4h_llama_exp1_meds_centiles_none_fusedTrue_discrete_time_tokens-s42/checkpoint-186135,/gpfs/data/bbj-lab/users/daniel/input-representation-benchmark/outputs/runs/tokenized/mimiciv-3.1_meds_70-10-20/centiles_none_fused_time_tokens_first_24h-tokenized/train/vocab.gzip
Creatinine,LAB_lab//50912//mg/dl,fused_centiles,85,0.5321398,0.004871444,0.18830154836177826,0.16233310103416443,/gpfs/data/bbj-lab/users/daniel/input-representation-benchmark/outputs/runs/ml4h_2026/models/ml4h_llama_exp1_meds_centiles_none_fusedTrue_discrete_time_tokens-s42/checkpoint-186135,/gpfs/data/bbj-lab/users/daniel/input-representation-benchmark/outputs/runs/tokenized/mimiciv-3.1_meds_70-10-20/centiles_none_fused_time_tokens_first_24h-tokenized/train/vocab.gzip
Creatinine,LAB_lab//50912//mg/dl,fused_centiles,86,0.56275547,-0.03987246,0.18830154836177826,0.16233310103416443,/gpfs/data/bbj-lab/users/daniel/input-representation-benchmark/outputs/runs/ml4h_2026/models/ml4h_llama_exp1_meds_centiles_none_fusedTrue_discrete_time_tokens-s42/checkpoint-186135,/gpfs/data/bbj-lab/users/daniel/input-representation-benchmark/outputs/runs/tokenized/mimiciv-3.1_meds_70-10-20/centiles_none_fused_time_tokens_first_24h-tokenized/train/vocab.gzip
Creatinine,LAB_lab//50912//mg/dl,fused_centiles,87,0.4693722,-0.10534851,0.18830154836177826,0.16233310103416443,/gpfs/data/bbj-lab/users/daniel/input-representation-benchmark/outputs/runs/ml4h_2026/models/ml4h_llama_exp1_meds_centiles_none_fusedTrue_discrete_time_tokens-s42/checkpoint-186135,/gpfs/data/bbj-lab/users/daniel/input-representation-benchmark/outputs/runs/tokenized/mimiciv-3.1_meds_70-10-20/centiles_none_fused_time_tokens_first_24h-tokenized/train/vocab.gzip
Creatinine,LAB_lab//50912//mg/dl,fused_centiles,88,0.51760113,-0.19066393,0.18830154836177826,0.16233310103416443,/gpfs/data/bbj-lab/users/daniel/input-representation-benchmark/outputs/runs/ml4h_2026/models/ml4h_llama_exp1_meds_centiles_none_fusedTrue_discrete_time_tokens-s42/checkpoint-186135,/gpfs/data/bbj-lab/users/daniel/input-representation-benchmark/outputs/runs/tokenized/mimiciv-3.1_meds_70-10-20/centiles_none_fused_time_tokens_first_24h-tokenized/train/vocab.gzip
Creatinine,LAB_lab//50912//mg/dl,fused_centiles,89,0.48341256,-0.29081145,0.18830154836177826,0.16233310103416443,/gpfs/data/bbj-lab/users/daniel/input-representation-benchmark/outputs/runs/ml4h_2026/models/ml4h_llama_exp1_meds_centiles_none_fusedTrue_discrete_time_tokens-s42/checkpoint-186135,/gpfs/data/bbj-lab/users/daniel/input-representation-benchmark/outputs/runs/tokenized/mimiciv-3.1_meds_70-10-20/centiles_none_fused_time_tokens_first_24h-tokenized/train/vocab.gzip
Creatinine,LAB_lab//50912//mg/dl,fused_centiles,90,0.4132326,-0.39962202,0.18830154836177826,0.16233310103416443,/gpfs/data/bbj-lab/users/daniel/input-representation-benchmark/outputs/runs/ml4h_2026/models/ml4h_llama_exp1_meds_centiles_none_fusedTrue_discrete_time_tokens-s42/checkpoint-186135,/gpfs/data/bbj-lab/users/daniel/input-representation-benchmark/outputs/runs/tokenized/mimiciv-3.1_meds_70-10-20/centiles_none_fused_time_tokens_first_24h-tokenized/train/vocab.gzip
Creatinine,LAB_lab//50912//mg/dl,fused_centiles,91,0.32910198,-0.4619568,0.18830154836177826,0.16233310103416443,/gpfs/data/bbj-lab/users/daniel/input-representation-benchmark/outputs/runs/ml4h_2026/models/ml4h_llama_exp1_meds_centiles_none_fusedTrue_discrete_time_tokens-s42/checkpoint-186135,/gpfs/data/bbj-lab/users/daniel/input-representation-benchmark/outputs/runs/tokenized/mimiciv-3.1_meds_70-10-20/centiles_none_fused_time_tokens_first_24h-tokenized/train/vocab.gzip
Creatinine,LAB_lab//50912//mg/dl,fused_centiles,92,0.1956882,-0.5161304,0.18830154836177826,0.16233310103416443,/gpfs/data/bbj-lab/users/daniel/input-representation-benchmark/outputs/runs/ml4h_2026/models/ml4h_llama_exp1_meds_centiles_none_fusedTrue_discrete_time_tokens-s42/checkpoint-186135,/gpfs/data/bbj-lab/users/daniel/input-representation-benchmark/outputs/runs/tokenized/mimiciv-3.1_meds_70-10-20/centiles_none_fused_time_tokens_first_24h-tokenized/train/vocab.gzip
Creatinine,LAB_lab//50912//mg/dl,fused_centiles,93,0.12320541,-0.5856732,0.18830154836177826,0.16233310103416443,/gpfs/data/bbj-lab/users/daniel/input-representation-benchmark/outputs/runs/ml4h_2026/models/ml4h_llama_exp1_meds_centiles_none_fusedTrue_discrete_time_tokens-s42/checkpoint-186135,/gpfs/data/bbj-lab/users/daniel/input-representation-benchmark/outputs/runs/tokenized/mimiciv-3.1_meds_70-10-20/centiles_none_fused_time_tokens_first_24h-tokenized/train/vocab.gzip
Creatinine,LAB_lab//50912//mg/dl,fused_centiles,94,0.015380697,-0.64985883,0.18830154836177826,0.16233310103416443,/gpfs/data/bbj-lab/users/daniel/input-representation-benchmark/outputs/runs/ml4h_2026/models/ml4h_llama_exp1_meds_centiles_none_fusedTrue_discrete_time_tokens-s42/checkpoint-186135,/gpfs/data/bbj-lab/users/daniel/input-representation-benchmark/outputs/runs/tokenized/mimiciv-3.1_meds_70-10-20/centiles_none_fused_time_tokens_first_24h-tokenized/train/vocab.gzip
Creatinine,LAB_lab//50912//mg/dl,fused_centiles,95,-0.09743069,-0.6491766,0.18830154836177826,0.16233310103416443,/gpfs/data/bbj-lab/users/daniel/input-representation-benchmark/outputs/runs/ml4h_2026/models/ml4h_llama_exp1_meds_centiles_none_fusedTrue_discrete_time_tokens-s42/checkpoint-186135,/gpfs/data/bbj-lab/users/daniel/input-representation-benchmark/outputs/runs/tokenized/mimiciv-3.1_meds_70-10-20/centiles_none_fused_time_tokens_first_24h-tokenized/train/vocab.gzip
Creatinine,LAB_lab//50912//mg/dl,fused_centiles,96,-0.21380194,-0.65763557,0.18830154836177826,0.16233310103416443,/gpfs/data/bbj-lab/users/daniel/input-representation-benchmark/outputs/runs/ml4h_2026/models/ml4h_llama_exp1_meds_centiles_none_fusedTrue_discrete_time_tokens-s42/checkpoint-186135,/gpfs/data/bbj-lab/users/daniel/input-representation-benchmark/outputs/runs/tokenized/mimiciv-3.1_meds_70-10-20/centiles_none_fused_time_tokens_first_24h-tokenized/train/vocab.gzip
Creatinine,LAB_lab//50912//mg/dl,fused_centiles,97,-0.27694476,-0.62239605,0.18830154836177826,0.16233310103416443,/gpfs/data/bbj-lab/users/daniel/input-representation-benchmark/outputs/runs/ml4h_2026/models/ml4h_llama_exp1_meds_centiles_none_fusedTrue_discrete_time_tokens-s42/checkpoint-186135,/gpfs/data/bbj-lab/users/daniel/input-representation-benchmark/outputs/runs/tokenized/mimiciv-3.1_meds_70-10-20/centiles_none_fused_time_tokens_first_24h-tokenized/train/vocab.gzip
Creatinine,LAB_lab//50912//mg/dl,fused_centiles,98,-0.32174814,-0.49138546,0.18830154836177826,0.16233310103416443,/gpfs/data/bbj-lab/users/daniel/input-representation-benchmark/outputs/runs/ml4h_2026/models/ml4h_llama_exp1_meds_centiles_none_fusedTrue_discrete_time_tokens-s42/checkpoint-186135,/gpfs/data/bbj-lab/users/daniel/input-representation-benchmark/outputs/runs/tokenized/mimiciv-3.1_meds_70-10-20/centiles_none_fused_time_tokens_first_24h-tokenized/train/vocab.gzip
Creatinine,LAB_lab//50912//mg/dl,fused_centiles,99,-0.38638783,-0.30753243,0.18830154836177826,0.16233310103416443,/gpfs/data/bbj-lab/users/daniel/input-representation-benchmark/outputs/runs/ml4h_2026/models/ml4h_llama_exp1_meds_centiles_none_fusedTrue_discrete_time_tokens-s42/checkpoint-186135,/gpfs/data/bbj-lab/users/daniel/input-representation-benchmark/outputs/runs/tokenized/mimiciv-3.1_meds_70-10-20/centiles_none_fused_time_tokens_first_24h-tokenized/train/vocab.gzip
Glucose,LAB_lab//50931//mg/dl,fused_centiles,0,-0.28888875,-0.37827778,0.120549775660038,0.0943639874458313,/gpfs/data/bbj-lab/users/daniel/input-representation-benchmark/outputs/runs/ml4h_2026/models/ml4h_llama_exp1_meds_centiles_none_fusedTrue_discrete_time_tokens-s42/checkpoint-186135,/gpfs/data/bbj-lab/users/daniel/input-representation-benchmark/outputs/runs/tokenized/mimiciv-3.1_meds_70-10-20/centiles_none_fused_time_tokens_first_24h-tokenized/train/vocab.gzip
Glucose,LAB_lab//50931//mg/dl,fused_centiles,1,-0.33158422,-0.34777462,0.120549775660038,0.0943639874458313,/gpfs/data/bbj-lab/users/daniel/input-representation-benchmark/outputs/runs/ml4h_2026/models/ml4h_llama_exp1_meds_centiles_none_fusedTrue_discrete_time_tokens-s42/checkpoint-186135,/gpfs/data/bbj-lab/users/daniel/input-representation-benchmark/outputs/runs/tokenized/mimiciv-3.1_meds_70-10-20/centiles_none_fused_time_tokens_first_24h-tokenized/train/vocab.gzip
Glucose,LAB_lab//50931//mg/dl,fused_centiles,2,-0.40913874,-0.3548796,0.120549775660038,0.0943639874458313,/gpfs/data/bbj-lab/users/daniel/input-representation-benchmark/outputs/runs/ml4h_2026/models/ml4h_llama_exp1_meds_centiles_none_fusedTrue_discrete_time_tokens-s42/checkpoint-186135,/gpfs/data/bbj-lab/users/daniel/input-representation-benchmark/outputs/runs/tokenized/mimiciv-3.1_meds_70-10-20/centiles_none_fused_time_tokens_first_24h-tokenized/train/vocab.gzip
Glucose,LAB_lab//50931//mg/dl,fused_centiles,3,-0.3969869,-0.37534803,0.120549775660038,0.0943639874458313,/gpfs/data/bbj-lab/users/daniel/input-representation-benchmark/outputs/runs/ml4h_2026/models/ml4h_llama_exp1_meds_centiles_none_fusedTrue_discrete_time_tokens-s42/checkpoint-186135,/gpfs/data/bbj-lab/users/daniel/input-representation-benchmark/outputs/runs/tokenized/mimiciv-3.1_meds_70-10-20/centiles_none_fused_time_tokens_first_24h-tokenized/train/vocab.gzip
Glucose,LAB_lab//50931//mg/dl,fused_centiles,4,-0.42563736,-0.3690687,0.120549775660038,0.0943639874458313,/gpfs/data/bbj-lab/users/daniel/input-representation-benchmark/outputs/runs/ml4h_2026/models/ml4h_llama_exp1_meds_centiles_none_fusedTrue_discrete_time_tokens-s42/checkpoint-186135,/gpfs/data/bbj-lab/users/daniel/input-representation-benchmark/outputs/runs/tokenized/mimiciv-3.1_meds_70-10-20/centiles_none_fused_time_tokens_first_24h-tokenized/train/vocab.gzip
Glucose,LAB_lab//50931//mg/dl,fused_centiles,5,-0.46846536,-0.29655594,0.120549775660038,0.0943639874458313,/gpfs/data/bbj-lab/users/daniel/input-representation-benchmark/outputs/runs/ml4h_2026/models/ml4h_llama_exp1_meds_centiles_none_fusedTrue_discrete_time_tokens-s42/checkpoint-186135,/gpfs/data/bbj-lab/users/daniel/input-representation-benchmark/outputs/runs/tokenized/mimiciv-3.1_meds_70-10-20/centiles_none_fused_time_tokens_first_24h-tokenized/train/vocab.gzip
Glucose,LAB_lab//50931//mg/dl,fused_centiles,6,-0.4409163,-0.29757774,0.120549775660038,0.0943639874458313,/gpfs/data/bbj-lab/users/daniel/input-representation-benchmark/outputs/runs/ml4h_2026/models/ml4h_llama_exp1_meds_centiles_none_fusedTrue_discrete_time_tokens-s42/checkpoint-186135,/gpfs/data/bbj-lab/users/daniel/input-representation-benchmark/outputs/runs/tokenized/mimiciv-3.1_meds_70-10-20/centiles_none_fused_time_tokens_first_24h-tokenized/train/vocab.gzip
Glucose,LAB_lab//50931//mg/dl,fused_centiles,7,-0.4878335,-0.29133874,0.120549775660038,0.0943639874458313,/gpfs/data/bbj-lab/users/daniel/input-representation-benchmark/outputs/runs/ml4h_2026/models/ml4h_llama_exp1_meds_centiles_none_fusedTrue_discrete_time_tokens-s42/checkpoint-186135,/gpfs/data/bbj-lab/users/daniel/input-representation-benchmark/outputs/runs/tokenized/mimiciv-3.1_meds_70-10-20/centiles_none_fused_time_tokens_first_24h-tokenized/train/vocab.gzip
Glucose,LAB_lab//50931//mg/dl,fused_centiles,8,-0.45985007,-0.27327865,0.120549775660038,0.0943639874458313,/gpfs/data/bbj-lab/users/daniel/input-representation-benchmark/outputs/runs/ml4h_2026/models/ml4h_llama_exp1_meds_centiles_none_fusedTrue_discrete_time_tokens-s42/checkpoint-186135,/gpfs/data/bbj-lab/users/daniel/input-representation-benchmark/outputs/runs/tokenized/mimiciv-3.1_meds_70-10-20/centiles_none_fused_time_tokens_first_24h-tokenized/train/vocab.gzip
Glucose,LAB_lab//50931//mg/dl,fused_centiles,9,-0.47165853,-0.30985397,0.120549775660038,0.0943639874458313,/gpfs/data/bbj-lab/users/daniel/input-representation-benchmark/outputs/runs/ml4h_2026/models/ml4h_llama_exp1_meds_centiles_none_fusedTrue_discrete_time_tokens-s42/checkpoint-186135,/gpfs/data/bbj-lab/users/daniel/input-representation-benchmark/outputs/runs/tokenized/mimiciv-3.1_meds_70-10-20/centiles_none_fused_time_tokens_first_24h-tokenized/train/vocab.gzip
Glucose,LAB_lab//50931//mg/dl,fused_centiles,10,-0.49005884,-0.2058163,0.120549775660038,0.0943639874458313,/gpfs/data/bbj-lab/users/daniel/input-representation-benchmark/outputs/runs/ml4h_2026/models/ml4h_llama_exp1_meds_centiles_none_fusedTrue_discrete_time_tokens-s42/checkpoint-186135,/gpfs/data/bbj-lab/users/daniel/input-representation-benchmark/outputs/runs/tokenized/mimiciv-3.1_meds_70-10-20/centiles_none_fused_time_tokens_first_24h-tokenized/train/vocab.gzip
Glucose,LAB_lab//50931//mg/dl,fused_centiles,11,-0.49576014,-0.21487467,0.120549775660038,0.0943639874458313,/gpfs/data/bbj-lab/users/daniel/input-representation-benchmark/outputs/runs/ml4h_2026/models/ml4h_llama_exp1_meds_centiles_none_fusedTrue_discrete_time_tokens-s42/checkpoint-186135,/gpfs/data/bbj-lab/users/daniel/input-representation-benchmark/outputs/runs/tokenized/mimiciv-3.1_meds_70-10-20/centiles_none_fused_time_tokens_first_24h-tokenized/train/vocab.gzip
Glucose,LAB_lab//50931//mg/dl,fused_centiles,12,-0.5084113,-0.18266192,0.120549775660038,0.0943639874458313,/gpfs/data/bbj-lab/users/daniel/input-representation-benchmark/outputs/runs/ml4h_2026/models/ml4h_llama_exp1_meds_centiles_none_fusedTrue_discrete_time_tokens-s42/checkpoint-186135,/gpfs/data/bbj-lab/users/daniel/input-representation-benchmark/outputs/runs/tokenized/mimiciv-3.1_meds_70-10-20/centiles_none_fused_time_tokens_first_24h-tokenized/train/vocab.gzip
Glucose,LAB_lab//50931//mg/dl,fused_centiles,13,-0.4648499,-0.15286538,0.120549775660038,0.0943639874458313,/gpfs/data/bbj-lab/users/daniel/input-representation-benchmark/outputs/runs/ml4h_2026/models/ml4h_llama_exp1_meds_centiles_none_fusedTrue_discrete_time_tokens-s42/checkpoint-186135,/gpfs/data/bbj-lab/users/daniel/input-representation-benchmark/outputs/runs/tokenized/mimiciv-3.1_meds_70-10-20/centiles_none_fused_time_tokens_first_24h-tokenized/train/vocab.gzip
Glucose,LAB_lab//50931//mg/dl,fused_centiles,14,-0.48093674,-0.11787957,0.120549775660038,0.0943639874458313,/gpfs/data/bbj-lab/users/daniel/input-representation-benchmark/outputs/runs/ml4h_2026/models/ml4h_llama_exp1_meds_centiles_none_fusedTrue_discrete_time_tokens-s42/checkpoint-186135,/gpfs/data/bbj-lab/users/daniel/input-representation-benchmark/outputs/runs/tokenized/mimiciv-3.1_meds_70-10-20/centiles_none_fused_time_tokens_first_24h-tokenized/train/vocab.gzip
Glucose,LAB_lab//50931//mg/dl,fused_centiles,16,-0.50206476,-0.05378919,0.120549775660038,0.0943639874458313,/gpfs/data/bbj-lab/users/daniel/input-representation-benchmark/outputs/runs/ml4h_2026/models/ml4h_llama_exp1_meds_centiles_none_fusedTrue_discrete_time_tokens-s42/checkpoint-186135,/gpfs/data/bbj-lab/users/daniel/input-representation-benchmark/outputs/runs/tokenized/mimiciv-3.1_meds_70-10-20/centiles_none_fused_time_tokens_first_24h-tokenized/train/vocab.gzip
Glucose,LAB_lab//50931//mg/dl,fused_centiles,17,-0.44464356,-0.079779744,0.120549775660038,0.0943639874458313,/gpfs/data/bbj-lab/users/daniel/input-representation-benchmark/outputs/runs/ml4h_2026/models/ml4h_llama_exp1_meds_centiles_none_fusedTrue_discrete_time_tokens-s42/checkpoint-186135,/gpfs/data/bbj-lab/users/daniel/input-representation-benchmark/outputs/runs/tokenized/mimiciv-3.1_meds_70-10-20/centiles_none_fused_time_tokens_first_24h-tokenized/train/vocab.gzip
Glucose,LAB_lab//50931//mg/dl,fused_centiles,18,-0.47313488,0.0069173584,0.120549775660038,0.0943639874458313,/gpfs/data/bbj-lab/users/daniel/input-representation-benchmark/outputs/runs/ml4h_2026/models/ml4h_llama_exp1_meds_centiles_none_fusedTrue_discrete_time_tokens-s42/checkpoint-186135,/gpfs/data/bbj-lab/users/daniel/input-representation-benchmark/outputs/runs/tokenized/mimiciv-3.1_meds_70-10-20/centiles_none_fused_time_tokens_first_24h-tokenized/train/vocab.gzip
Glucose,LAB_lab//50931//mg/dl,fused_centiles,20,-0.4167918,-0.030665215,0.120549775660038,0.0943639874458313,/gpfs/data/bbj-lab/users/daniel/input-representation-benchmark/outputs/runs/ml4h_2026/models/ml4h_llama_exp1_meds_centiles_none_fusedTrue_discrete_time_tokens-s42/checkpoint-186135,/gpfs/data/bbj-lab/users/daniel/input-representation-benchmark/outputs/runs/tokenized/mimiciv-3.1_meds_70-10-20/centiles_none_fused_time_tokens_first_24h-tokenized/train/vocab.gzip
Glucose,LAB_lab//50931//mg/dl,fused_centiles,21,-0.4094513,0.100273505,0.120549775660038,0.0943639874458313,/gpfs/data/bbj-lab/users/daniel/input-representation-benchmark/outputs/runs/ml4h_2026/models/ml4h_llama_exp1_meds_centiles_none_fusedTrue_discrete_time_tokens-s42/checkpoint-186135,/gpfs/data/bbj-lab/users/daniel/input-representation-benchmark/outputs/runs/tokenized/mimiciv-3.1_meds_70-10-20/centiles_none_fused_time_tokens_first_24h-tokenized/train/vocab.gzip
Glucose,LAB_lab//50931//mg/dl,fused_centiles,23,-0.44977495,0.08266591,0.120549775660038,0.0943639874458313,/gpfs/data/bbj-lab/users/daniel/input-representation-benchmark/outputs/runs/ml4h_2026/models/ml4h_llama_exp1_meds_centiles_none_fusedTrue_discrete_time_tokens-s42/checkpoint-186135,/gpfs/data/bbj-lab/users/daniel/input-representation-benchmark/outputs/runs/tokenized/mimiciv-3.1_meds_70-10-20/centiles_none_fused_time_tokens_first_24h-tokenized/train/vocab.gzip
Glucose,LAB_lab//50931//mg/dl,fused_centiles,24,-0.38719797,0.06555378,0.120549775660038,0.0943639874458313,/gpfs/data/bbj-lab/users/daniel/input-representation-benchmark/outputs/runs/ml4h_2026/models/ml4h_llama_exp1_meds_centiles_none_fusedTrue_discrete_time_tokens-s42/checkpoint-186135,/gpfs/data/bbj-lab/users/daniel/input-representation-benchmark/outputs/runs/tokenized/mimiciv-3.1_meds_70-10-20/centiles_none_fused_time_tokens_first_24h-tokenized/train/vocab.gzip
Glucose,LAB_lab//50931//mg/dl,fused_centiles,26,-0.3685536,0.10916965,0.120549775660038,0.0943639874458313,/gpfs/data/bbj-lab/users/daniel/input-representation-benchmark/outputs/runs/ml4h_2026/models/ml4h_llama_exp1_meds_centiles_none_fusedTrue_discrete_time_tokens-s42/checkpoint-186135,/gpfs/data/bbj-lab/users/daniel/input-representation-benchmark/outputs/runs/tokenized/mimiciv-3.1_meds_70-10-20/centiles_none_fused_time_tokens_first_24h-tokenized/train/vocab.gzip
Glucose,LAB_lab//50931//mg/dl,fused_centiles,27,-0.35822225,0.16597567,0.120549775660038,0.0943639874458313,/gpfs/data/bbj-lab/users/daniel/input-representation-benchmark/outputs/runs/ml4h_2026/models/ml4h_llama_exp1_meds_centiles_none_fusedTrue_discrete_time_tokens-s42/checkpoint-186135,/gpfs/data/bbj-lab/users/daniel/input-representation-benchmark/outputs/runs/tokenized/mimiciv-3.1_meds_70-10-20/centiles_none_fused_time_tokens_first_24h-tokenized/train/vocab.gzip
Glucose,LAB_lab//50931//mg/dl,fused_centiles,29,-0.32623523,0.14112207,0.120549775660038,0.0943639874458313,/gpfs/data/bbj-lab/users/daniel/input-representation-benchmark/outputs/runs/ml4h_2026/models/ml4h_llama_exp1_meds_centiles_none_fusedTrue_discrete_time_tokens-s42/checkpoint-186135,/gpfs/data/bbj-lab/users/daniel/input-representation-benchmark/outputs/runs/tokenized/mimiciv-3.1_meds_70-10-20/centiles_none_fused_time_tokens_first_24h-tokenized/train/vocab.gzip
Glucose,LAB_lab//50931//mg/dl,fused_centiles,31,-0.29226977,0.15894955,0.120549775660038,0.0943639874458313,/gpfs/data/bbj-lab/users/daniel/input-representation-benchmark/outputs/runs/ml4h_2026/models/ml4h_llama_exp1_meds_centiles_none_fusedTrue_discrete_time_tokens-s42/checkpoint-186135,/gpfs/data/bbj-lab/users/daniel/input-representation-benchmark/outputs/runs/tokenized/mimiciv-3.1_meds_70-10-20/centiles_none_fused_time_tokens_first_24h-tokenized/train/vocab.gzip
Glucose,LAB_lab//50931//mg/dl,fused_centiles,32,-0.31054163,0.19026119,0.120549775660038,0.0943639874458313,/gpfs/data/bbj-lab/users/daniel/input-representation-benchmark/outputs/runs/ml4h_2026/models/ml4h_llama_exp1_meds_centiles_none_fusedTrue_discrete_time_tokens-s42/checkpoint-186135,/gpfs/data/bbj-lab/users/daniel/input-representation-benchmark/outputs/runs/tokenized/mimiciv-3.1_meds_70-10-20/centiles_none_fused_time_tokens_first_24h-tokenized/train/vocab.gzip
Glucose,LAB_lab//50931//mg/dl,fused_centiles,34,-0.28891978,0.25327948,0.120549775660038,0.0943639874458313,/gpfs/data/bbj-lab/users/daniel/input-representation-benchmark/outputs/runs/ml4h_2026/models/ml4h_llama_exp1_meds_centiles_none_fusedTrue_discrete_time_tokens-s42/checkpoint-186135,/gpfs/data/bbj-lab/users/daniel/input-representation-benchmark/outputs/runs/tokenized/mimiciv-3.1_meds_70-10-20/centiles_none_fused_time_tokens_first_24h-tokenized/train/vocab.gzip
Glucose,LAB_lab//50931//mg/dl,fused_centiles,35,-0.28539437,0.1879758,0.120549775660038,0.0943639874458313,/gpfs/data/bbj-lab/users/daniel/input-representation-benchmark/outputs/runs/ml4h_2026/models/ml4h_llama_exp1_meds_centiles_none_fusedTrue_discrete_time_tokens-s42/checkpoint-186135,/gpfs/data/bbj-lab/users/daniel/input-representation-benchmark/outputs/runs/tokenized/mimiciv-3.1_meds_70-10-20/centiles_none_fused_time_tokens_first_24h-tokenized/train/vocab.gzip
Glucose,LAB_lab//50931//mg/dl,fused_centiles,36,-0.23251572,0.23049498,0.120549775660038,0.0943639874458313,/gpfs/data/bbj-lab/users/daniel/input-representation-benchmark/outputs/runs/ml4h_2026/models/ml4h_llama_exp1_meds_centiles_none_fusedTrue_discrete_time_tokens-s42/checkpoint-186135,/gpfs/data/bbj-lab/users/daniel/input-representation-benchmark/outputs/runs/tokenized/mimiciv-3.1_meds_70-10-20/centiles_none_fused_time_tokens_first_24h-tokenized/train/vocab.gzip
Glucose,LAB_lab//50931//mg/dl,fused_centiles,38,-0.21992722,0.2426559,0.120549775660038,0.0943639874458313,/gpfs/data/bbj-lab/users/daniel/input-representation-benchmark/outputs/runs/ml4h_2026/models/ml4h_llama_exp1_meds_centiles_none_fusedTrue_discrete_time_tokens-s42/checkpoint-186135,/gpfs/data/bbj-lab/users/daniel/input-representation-benchmark/outputs/runs/tokenized/mimiciv-3.1_meds_70-10-20/centiles_none_fused_time_tokens_first_24h-tokenized/train/vocab.gzip
Glucose,LAB_lab//50931//mg/dl,fused_centiles,39,-0.18740731,0.17455676,0.120549775660038,0.0943639874458313,/gpfs/data/bbj-lab/users/daniel/input-representation-benchmark/outputs/runs/ml4h_2026/models/ml4h_llama_exp1_meds_centiles_none_fusedTrue_discrete_time_tokens-s42/checkpoint-186135,/gpfs/data/bbj-lab/users/daniel/input-representation-benchmark/outputs/runs/tokenized/mimiciv-3.1_meds_70-10-20/centiles_none_fused_time_tokens_first_24h-tokenized/train/vocab.gzip
Glucose,LAB_lab//50931//mg/dl,fused_centiles,41,-0.20088911,0.30357477,0.120549775660038,0.0943639874458313,/gpfs/data/bbj-lab/users/daniel/input-representation-benchmark/outputs/runs/ml4h_2026/models/ml4h_llama_exp1_meds_centiles_none_fusedTrue_discrete_time_tokens-s42/checkpoint-186135,/gpfs/data/bbj-lab/users/daniel/input-representation-benchmark/outputs/runs/tokenized/mimiciv-3.1_meds_70-10-20/centiles_none_fused_time_tokens_first_24h-tokenized/train/vocab.gzip
Glucose,LAB_lab//50931//mg/dl,fused_centiles,42,-0.14668007,0.28251085,0.120549775660038,0.0943639874458313,/gpfs/data/bbj-lab/users/daniel/input-representation-benchmark/outputs/runs/ml4h_2026/models/ml4h_llama_exp1_meds_centiles_none_fusedTrue_discrete_time_tokens-s42/checkpoint-186135,/gpfs/data/bbj-lab/users/daniel/input-representation-benchmark/outputs/runs/tokenized/mimiciv-3.1_meds_70-10-20/centiles_none_fused_time_tokens_first_24h-tokenized/train/vocab.gzip
Glucose,LAB_lab//50931//mg/dl,fused_centiles,43,-0.1594416,0.3415436,0.120549775660038,0.0943639874458313,/gpfs/data/bbj-lab/users/daniel/input-representation-benchmark/outputs/runs/ml4h_2026/models/ml4h_llama_exp1_meds_centiles_none_fusedTrue_discrete_time_tokens-s42/checkpoint-186135,/gpfs/data/bbj-lab/users/daniel/input-representation-benchmark/outputs/runs/tokenized/mimiciv-3.1_meds_70-10-20/centiles_none_fused_time_tokens_first_24h-tokenized/train/vocab.gzip
Glucose,LAB_lab//50931//mg/dl,fused_centiles,44,-0.13314164,0.34230286,0.120549775660038,0.0943639874458313,/gpfs/data/bbj-lab/users/daniel/input-representation-benchmark/outputs/runs/ml4h_2026/models/ml4h_llama_exp1_meds_centiles_none_fusedTrue_discrete_time_tokens-s42/checkpoint-186135,/gpfs/data/bbj-lab/users/daniel/input-representation-benchmark/outputs/runs/tokenized/mimiciv-3.1_meds_70-10-20/centiles_none_fused_time_tokens_first_24h-tokenized/train/vocab.gzip
Glucose,LAB_lab//50931//mg/dl,fused_centiles,46,-0.1251971,0.33346346,0.120549775660038,0.0943639874458313,/gpfs/data/bbj-lab/users/daniel/input-representation-benchmark/outputs/runs/ml4h_2026/models/ml4h_llama_exp1_meds_centiles_none_fusedTrue_discrete_time_tokens-s42/checkpoint-186135,/gpfs/data/bbj-lab/users/daniel/input-representation-benchmark/outputs/runs/tokenized/mimiciv-3.1_meds_70-10-20/centiles_none_fused_time_tokens_first_24h-tokenized/train/vocab.gzip
Glucose,LAB_lab//50931//mg/dl,fused_centiles,47,-0.08504194,0.36221933,0.120549775660038,0.0943639874458313,/gpfs/data/bbj-lab/users/daniel/input-representation-benchmark/outputs/runs/ml4h_2026/models/ml4h_llama_exp1_meds_centiles_none_fusedTrue_discrete_time_tokens-s42/checkpoint-186135,/gpfs/data/bbj-lab/users/daniel/input-representation-benchmark/outputs/runs/tokenized/mimiciv-3.1_meds_70-10-20/centiles_none_fused_time_tokens_first_24h-tokenized/train/vocab.gzip
Glucose,LAB_lab//50931//mg/dl,fused_centiles,48,-0.06746753,0.26292366,0.120549775660038,0.0943639874458313,/gpfs/data/bbj-lab/users/daniel/input-representation-benchmark/outputs/runs/ml4h_2026/models/ml4h_llama_exp1_meds_centiles_none_fusedTrue_discrete_time_tokens-s42/checkpoint-186135,/gpfs/data/bbj-lab/users/daniel/input-representation-benchmark/outputs/runs/tokenized/mimiciv-3.1_meds_70-10-20/centiles_none_fused_time_tokens_first_24h-tokenized/train/vocab.gzip
Glucose,LAB_lab//50931//mg/dl,fused_centiles,49,-0.019850677,0.32309943,0.120549775660038,0.0943639874458313,/gpfs/data/bbj-lab/users/daniel/input-representation-benchmark/outputs/runs/ml4h_2026/models/ml4h_llama_exp1_meds_centiles_none_fusedTrue_discrete_time_tokens-s42/checkpoint-186135,/gpfs/data/bbj-lab/users/daniel/input-representation-benchmark/outputs/runs/tokenized/mimiciv-3.1_meds_70-10-20/centiles_none_fused_time_tokens_first_24h-tokenized/train/vocab.gzip
Glucose,LAB_lab//50931//mg/dl,fused_centiles,50,-0.0021541398,0.37296057,0.120549775660038,0.0943639874458313,/gpfs/data/bbj-lab/users/daniel/input-representation-benchmark/outputs/runs/ml4h_2026/models/ml4h_llama_exp1_meds_centiles_none_fusedTrue_discrete_time_tokens-s42/checkpoint-186135,/gpfs/data/bbj-lab/users/daniel/input-representation-benchmark/outputs/runs/tokenized/mimiciv-3.1_meds_70-10-20/centiles_none_fused_time_tokens_first_24h-tokenized/train/vocab.gzip
Glucose,LAB_lab//50931//mg/dl,fused_centiles,52,-0.020394716,0.3876073,0.120549775660038,0.0943639874458313,/gpfs/data/bbj-lab/users/daniel/input-representation-benchmark/outputs/runs/ml4h_2026/models/ml4h_llama_exp1_meds_centiles_none_fusedTrue_discrete_time_tokens-s42/checkpoint-186135,/gpfs/data/bbj-lab/users/daniel/input-representation-benchmark/outputs/runs/tokenized/mimiciv-3.1_meds_70-10-20/centiles_none_fused_time_tokens_first_24h-tokenized/train/vocab.gzip
Glucose,LAB_lab//50931//mg/dl,fused_centiles,53,0.030994741,0.33212695,0.120549775660038,0.0943639874458313,/gpfs/data/bbj-lab/users/daniel/input-representation-benchmark/outputs/runs/ml4h_2026/models/ml4h_llama_exp1_meds_centiles_none_fusedTrue_discrete_time_tokens-s42/checkpoint-186135,/gpfs/data/bbj-lab/users/daniel/input-representation-benchmark/outputs/runs/tokenized/mimiciv-3.1_meds_70-10-20/centiles_none_fused_time_tokens_first_24h-tokenized/train/vocab.gzip
Glucose,LAB_lab//50931//mg/dl,fused_centiles,54,0.09113355,0.3232293,0.120549775660038,0.0943639874458313,/gpfs/data/bbj-lab/users/daniel/input-representation-benchmark/outputs/runs/ml4h_2026/models/ml4h_llama_exp1_meds_centiles_none_fusedTrue_discrete_time_tokens-s42/checkpoint-186135,/gpfs/data/bbj-lab/users/daniel/input-representation-benchmark/outputs/runs/tokenized/mimiciv-3.1_meds_70-10-20/centiles_none_fused_time_tokens_first_24h-tokenized/train/vocab.gzip
Glucose,LAB_lab//50931//mg/dl,fused_centiles,55,0.1322923,0.33078867,0.120549775660038,0.0943639874458313,/gpfs/data/bbj-lab/users/daniel/input-representation-benchmark/outputs/runs/ml4h_2026/models/ml4h_llama_exp1_meds_centiles_none_fusedTrue_discrete_time_tokens-s42/checkpoint-186135,/gpfs/data/bbj-lab/users/daniel/input-representation-benchmark/outputs/runs/tokenized/mimiciv-3.1_meds_70-10-20/centiles_none_fused_time_tokens_first_24h-tokenized/train/vocab.gzip
Glucose,LAB_lab//50931//mg/dl,fused_centiles,56,0.07765905,0.28411955,0.120549775660038,0.0943639874458313,/gpfs/data/bbj-lab/users/daniel/input-representation-benchmark/outputs/runs/ml4h_2026/models/ml4h_llama_exp1_meds_centiles_none_fusedTrue_discrete_time_tokens-s42/checkpoint-186135,/gpfs/data/bbj-lab/users/daniel/input-representation-benchmark/outputs/runs/tokenized/mimiciv-3.1_meds_70-10-20/centiles_none_fused_time_tokens_first_24h-tokenized/train/vocab.gzip
Glucose,LAB_lab//50931//mg/dl,fused_centiles,57,0.096537165,0.28607136,0.120549775660038,0.0943639874458313,/gpfs/data/bbj-lab/users/daniel/input-representation-benchmark/outputs/runs/ml4h_2026/models/ml4h_llama_exp1_meds_centiles_none_fusedTrue_discrete_time_tokens-s42/checkpoint-186135,/gpfs/data/bbj-lab/users/daniel/input-representation-benchmark/outputs/runs/tokenized/mimiciv-3.1_meds_70-10-20/centiles_none_fused_time_tokens_first_24h-tokenized/train/vocab.gzip
Glucose,LAB_lab//50931//mg/dl,fused_centiles,58,0.15272143,0.29547858,0.120549775660038,0.0943639874458313,/gpfs/data/bbj-lab/users/daniel/input-representation-benchmark/outputs/runs/ml4h_2026/models/ml4h_llama_exp1_meds_centiles_none_fusedTrue_discrete_time_tokens-s42/checkpoint-186135,/gpfs/data/bbj-lab/users/daniel/input-representation-benchmark/outputs/runs/tokenized/mimiciv-3.1_meds_70-10-20/centiles_none_fused_time_tokens_first_24h-tokenized/train/vocab.gzip
Glucose,LAB_lab//50931//mg/dl,fused_centiles,59,0.15703043,0.34211946,0.120549775660038,0.0943639874458313,/gpfs/data/bbj-lab/users/daniel/input-representation-benchmark/outputs/runs/ml4h_2026/models/ml4h_llama_exp1_meds_centiles_none_fusedTrue_discrete_time_tokens-s42/checkpoint-186135,/gpfs/data/bbj-lab/users/daniel/input-representation-benchmark/outputs/runs/tokenized/mimiciv-3.1_meds_70-10-20/centiles_none_fused_time_tokens_first_24h-tokenized/train/vocab.gzip
Glucose,LAB_lab//50931//mg/dl,fused_centiles,60,0.13336678,0.36309162,0.120549775660038,0.0943639874458313,/gpfs/data/bbj-lab/users/daniel/input-representation-benchmark/outputs/runs/ml4h_2026/models/ml4h_llama_exp1_meds_centiles_none_fusedTrue_discrete_time_tokens-s42/checkpoint-186135,/gpfs/data/bbj-lab/users/daniel/input-representation-benchmark/outputs/runs/tokenized/mimiciv-3.1_meds_70-10-20/centiles_none_fused_time_tokens_first_24h-tokenized/train/vocab.gzip
Glucose,LAB_lab//50931//mg/dl,fused_centiles,61,0.1700589,0.31206855,0.120549775660038,0.0943639874458313,/gpfs/data/bbj-lab/users/daniel/input-representation-benchmark/outputs/runs/ml4h_2026/models/ml4h_llama_exp1_meds_centiles_none_fusedTrue_discrete_time_tokens-s42/checkpoint-186135,/gpfs/data/bbj-lab/users/daniel/input-representation-benchmark/outputs/runs/tokenized/mimiciv-3.1_meds_70-10-20/centiles_none_fused_time_tokens_first_24h-tokenized/train/vocab.gzip
Glucose,LAB_lab//50931//mg/dl,fused_centiles,62,0.16907331,0.27993387,0.120549775660038,0.0943639874458313,/gpfs/data/bbj-lab/users/daniel/input-representation-benchmark/outputs/runs/ml4h_2026/models/ml4h_llama_exp1_meds_centiles_none_fusedTrue_discrete_time_tokens-s42/checkpoint-186135,/gpfs/data/bbj-lab/users/daniel/input-representation-benchmark/outputs/runs/tokenized/mimiciv-3.1_meds_70-10-20/centiles_none_fused_time_tokens_first_24h-tokenized/train/vocab.gzip
Glucose,LAB_lab//50931//mg/dl,fused_centiles,63,0.1618142,0.28783283,0.120549775660038,0.0943639874458313,/gpfs/data/bbj-lab/users/daniel/input-representation-benchmark/outputs/runs/ml4h_2026/models/ml4h_llama_exp1_meds_centiles_none_fusedTrue_discrete_time_tokens-s42/checkpoint-186135,/gpfs/data/bbj-lab/users/daniel/input-representation-benchmark/outputs/runs/tokenized/mimiciv-3.1_meds_70-10-20/centiles_none_fused_time_tokens_first_24h-tokenized/train/vocab.gzip
Glucose,LAB_lab//50931//mg/dl,fused_centiles,64,0.25223103,0.28315604,0.120549775660038,0.0943639874458313,/gpfs/data/bbj-lab/users/daniel/input-representation-benchmark/outputs/runs/ml4h_2026/models/ml4h_llama_exp1_meds_centiles_none_fusedTrue_discrete_time_tokens-s42/checkpoint-186135,/gpfs/data/bbj-lab/users/daniel/input-representation-benchmark/outputs/runs/tokenized/mimiciv-3.1_meds_70-10-20/centiles_none_fused_time_tokens_first_24h-tokenized/train/vocab.gzip
Glucose,LAB_lab//50931//mg/dl,fused_centiles,65,0.1730358,0.24096376,0.120549775660038,0.0943639874458313,/gpfs/data/bbj-lab/users/daniel/input-representation-benchmark/outputs/runs/ml4h_2026/models/ml4h_llama_exp1_meds_centiles_none_fusedTrue_discrete_time_tokens-s42/checkpoint-186135,/gpfs/data/bbj-lab/users/daniel/input-representation-benchmark/outputs/runs/tokenized/mimiciv-3.1_meds_70-10-20/centiles_none_fused_time_tokens_first_24h-tokenized/train/vocab.gzip
Glucose,LAB_lab//50931//mg/dl,fused_centiles,66,0.2634831,0.20299065,0.120549775660038,0.0943639874458313,/gpfs/data/bbj-lab/users/daniel/input-representation-benchmark/outputs/runs/ml4h_2026/models/ml4h_llama_exp1_meds_centiles_none_fusedTrue_discrete_time_tokens-s42/checkpoint-186135,/gpfs/data/bbj-lab/users/daniel/input-representation-benchmark/outputs/runs/tokenized/mimiciv-3.1_meds_70-10-20/centiles_none_fused_time_tokens_first_24h-tokenized/train/vocab.gzip
Glucose,LAB_lab//50931//mg/dl,fused_centiles,67,0.28774312,0.21899587,0.120549775660038,0.0943639874458313,/gpfs/data/bbj-lab/users/daniel/input-representation-benchmark/outputs/runs/ml4h_2026/models/ml4h_llama_exp1_meds_centiles_none_fusedTrue_discrete_time_tokens-s42/checkpoint-186135,/gpfs/data/bbj-lab/users/daniel/input-representation-benchmark/outputs/runs/tokenized/mimiciv-3.1_meds_70-10-20/centiles_none_fused_time_tokens_first_24h-tokenized/train/vocab.gzip
Glucose,LAB_lab//50931//mg/dl,fused_centiles,68,0.30689478,0.2565319,0.120549775660038,0.0943639874458313,/gpfs/data/bbj-lab/users/daniel/input-representation-benchmark/outputs/runs/ml4h_2026/models/ml4h_llama_exp1_meds_centiles_none_fusedTrue_discrete_time_tokens-s42/checkpoint-186135,/gpfs/data/bbj-lab/users/daniel/input-representation-benchmark/outputs/runs/tokenized/mimiciv-3.1_meds_70-10-20/centiles_none_fused_time_tokens_first_24h-tokenized/train/vocab.gzip
Glucose,LAB_lab//50931//mg/dl,fused_centiles,69,0.31034175,0.23414737,0.120549775660038,0.0943639874458313,/gpfs/data/bbj-lab/users/daniel/input-representation-benchmark/outputs/runs/ml4h_2026/models/ml4h_llama_exp1_meds_centiles_none_fusedTrue_discrete_time_tokens-s42/checkpoint-186135,/gpfs/data/bbj-lab/users/daniel/input-representation-benchmark/outputs/runs/tokenized/mimiciv-3.1_meds_70-10-20/centiles_none_fused_time_tokens_first_24h-tokenized/train/vocab.gzip
Glucose,LAB_lab//50931//mg/dl,fused_centiles,70,0.3034122,0.23391922,0.120549775660038,0.0943639874458313,/gpfs/data/bbj-lab/users/daniel/input-representation-benchmark/outputs/runs/ml4h_2026/models/ml4h_llama_exp1_meds_centiles_none_fusedTrue_discrete_time_tokens-s42/checkpoint-186135,/gpfs/data/bbj-lab/users/daniel/input-representation-benchmark/outputs/runs/tokenized/mimiciv-3.1_meds_70-10-20/centiles_none_fused_time_tokens_first_24h-tokenized/train/vocab.gzip
Glucose,LAB_lab//50931//mg/dl,fused_centiles,71,0.3321713,0.20946158,0.120549775660038,0.0943639874458313,/gpfs/data/bbj-lab/users/daniel/input-representation-benchmark/outputs/runs/ml4h_2026/models/ml4h_llama_exp1_meds_centiles_none_fusedTrue_discrete_time_tokens-s42/checkpoint-186135,/gpfs/data/bbj-lab/users/daniel/input-representation-benchmark/outputs/runs/tokenized/mimiciv-3.1_meds_70-10-20/centiles_none_fused_time_tokens_first_24h-tokenized/train/vocab.gzip
Glucose,LAB_lab//50931//mg/dl,fused_centiles,72,0.33876592,0.1894519,0.120549775660038,0.0943639874458313,/gpfs/data/bbj-lab/users/daniel/input-representation-benchmark/outputs/runs/ml4h_2026/models/ml4h_llama_exp1_meds_centiles_none_fusedTrue_discrete_time_tokens-s42/checkpoint-186135,/gpfs/data/bbj-lab/users/daniel/input-representation-benchmark/outputs/runs/tokenized/mimiciv-3.1_meds_70-10-20/centiles_none_fused_time_tokens_first_24h-tokenized/train/vocab.gzip
Glucose,LAB_lab//50931//mg/dl,fused_centiles,73,0.3402633,0.18424408,0.120549775660038,0.0943639874458313,/gpfs/data/bbj-lab/users/daniel/input-representation-benchmark/outputs/runs/ml4h_2026/models/ml4h_llama_exp1_meds_centiles_none_fusedTrue_discrete_time_tokens-s42/checkpoint-186135,/gpfs/data/bbj-lab/users/daniel/input-representation-benchmark/outputs/runs/tokenized/mimiciv-3.1_meds_70-10-20/centiles_none_fused_time_tokens_first_24h-tokenized/train/vocab.gzip
Glucose,LAB_lab//50931//mg/dl,fused_centiles,74,0.3450512,0.124510884,0.120549775660038,0.0943639874458313,/gpfs/data/bbj-lab/users/daniel/input-representation-benchmark/outputs/runs/ml4h_2026/models/ml4h_llama_exp1_meds_centiles_none_fusedTrue_discrete_time_tokens-s42/checkpoint-186135,/gpfs/data/bbj-lab/users/daniel/input-representation-benchmark/outputs/runs/tokenized/mimiciv-3.1_meds_70-10-20/centiles_none_fused_time_tokens_first_24h-tokenized/train/vocab.gzip
Glucose,LAB_lab//50931//mg/dl,fused_centiles,75,0.38045007,0.09885108,0.120549775660038,0.0943639874458313,/gpfs/data/bbj-lab/users/daniel/input-representation-benchmark/outputs/runs/ml4h_2026/models/ml4h_llama_exp1_meds_centiles_none_fusedTrue_discrete_time_tokens-s42/checkpoint-186135,/gpfs/data/bbj-lab/users/daniel/input-representation-benchmark/outputs/runs/tokenized/mimiciv-3.1_meds_70-10-20/centiles_none_fused_time_tokens_first_24h-tokenized/train/vocab.gzip
Glucose,LAB_lab//50931//mg/dl,fused_centiles,76,0.3832349,0.048829798,0.120549775660038,0.0943639874458313,/gpfs/data/bbj-lab/users/daniel/input-representation-benchmark/outputs/runs/ml4h_2026/models/ml4h_llama_exp1_meds_centiles_none_fusedTrue_discrete_time_tokens-s42/checkpoint-186135,/gpfs/data/bbj-lab/users/daniel/input-representation-benchmark/outputs/runs/tokenized/mimiciv-3.1_meds_70-10-20/centiles_none_fused_time_tokens_first_24h-tokenized/train/vocab.gzip
Glucose,LAB_lab//50931//mg/dl,fused_centiles,77,0.38797683,0.030027203,0.120549775660038,0.0943639874458313,/gpfs/data/bbj-lab/users/daniel/input-representation-benchmark/outputs/runs/ml4h_2026/models/ml4h_llama_exp1_meds_centiles_none_fusedTrue_discrete_time_tokens-s42/checkpoint-186135,/gpfs/data/bbj-lab/users/daniel/input-representation-benchmark/outputs/runs/tokenized/mimiciv-3.1_meds_70-10-20/centiles_none_fused_time_tokens_first_24h-tokenized/train/vocab.gzip
Glucose,LAB_lab//50931//mg/dl,fused_centiles,78,0.44676656,0.076000914,0.120549775660038,0.0943639874458313,/gpfs/data/bbj-lab/users/daniel/input-representation-benchmark/outputs/runs/ml4h_2026/models/ml4h_llama_exp1_meds_centiles_none_fusedTrue_discrete_time_tokens-s42/checkpoint-186135,/gpfs/data/bbj-lab/users/daniel/input-representation-benchmark/outputs/runs/tokenized/mimiciv-3.1_meds_70-10-20/centiles_none_fused_time_tokens_first_24h-tokenized/train/vocab.gzip
Glucose,LAB_lab//50931//mg/dl,fused_centiles,79,0.3533596,0.009405574,0.120549775660038,0.0943639874458313,/gpfs/data/bbj-lab/users/daniel/input-representation-benchmark/outputs/runs/ml4h_2026/models/ml4h_llama_exp1_meds_centiles_none_fusedTrue_discrete_time_tokens-s42/checkpoint-186135,/gpfs/data/bbj-lab/users/daniel/input-representation-benchmark/outputs/runs/tokenized/mimiciv-3.1_meds_70-10-20/centiles_none_fused_time_tokens_first_24h-tokenized/train/vocab.gzip
Glucose,LAB_lab//50931//mg/dl,fused_centiles,80,0.43213484,0.010405399,0.120549775660038,0.0943639874458313,/gpfs/data/bbj-lab/users/daniel/input-representation-benchmark/outputs/runs/ml4h_2026/models/ml4h_llama_exp1_meds_centiles_none_fusedTrue_discrete_time_tokens-s42/checkpoint-186135,/gpfs/data/bbj-lab/users/daniel/input-representation-benchmark/outputs/runs/tokenized/mimiciv-3.1_meds_70-10-20/centiles_none_fused_time_tokens_first_24h-tokenized/train/vocab.gzip
Glucose,LAB_lab//50931//mg/dl,fused_centiles,81,0.40369666,-0.11610531,0.120549775660038,0.0943639874458313,/gpfs/data/bbj-lab/users/daniel/input-representation-benchmark/outputs/runs/ml4h_2026/models/ml4h_llama_exp1_meds_centiles_none_fusedTrue_discrete_time_tokens-s42/checkpoint-186135,/gpfs/data/bbj-lab/users/daniel/input-representation-benchmark/outputs/runs/tokenized/mimiciv-3.1_meds_70-10-20/centiles_none_fused_time_tokens_first_24h-tokenized/train/vocab.gzip
Glucose,LAB_lab//50931//mg/dl,fused_centiles,82,0.41705263,-0.098495364,0.120549775660038,0.0943639874458313,/gpfs/data/bbj-lab/users/daniel/input-representation-benchmark/outputs/runs/ml4h_2026/models/ml4h_llama_exp1_meds_centiles_none_fusedTrue_discrete_time_tokens-s42/checkpoint-186135,/gpfs/data/bbj-lab/users/daniel/input-representation-benchmark/outputs/runs/tokenized/mimiciv-3.1_meds_70-10-20/centiles_none_fused_time_tokens_first_24h-tokenized/train/vocab.gzip
Glucose,LAB_lab//50931//mg/dl,fused_centiles,83,0.41902703,-0.15629348,0.120549775660038,0.0943639874458313,/gpfs/data/bbj-lab/users/daniel/input-representation-benchmark/outputs/runs/ml4h_2026/models/ml4h_llama_exp1_meds_centiles_none_fusedTrue_discrete_time_tokens-s42/checkpoint-186135,/gpfs/data/bbj-lab/users/daniel/input-representation-benchmark/outputs/runs/tokenized/mimiciv-3.1_meds_70-10-20/centiles_none_fused_time_tokens_first_24h-tokenized/train/vocab.gzip
Glucose,LAB_lab//50931//mg/dl,fused_centiles,84,0.42082062,-0.20279416,0.120549775660038,0.0943639874458313,/gpfs/data/bbj-lab/users/daniel/input-representation-benchmark/outputs/runs/ml4h_2026/models/ml4h_llama_exp1_meds_centiles_none_fusedTrue_discrete_time_tokens-s42/checkpoint-186135,/gpfs/data/bbj-lab/users/daniel/input-representation-benchmark/outputs/runs/tokenized/mimiciv-3.1_meds_70-10-20/centiles_none_fused_time_tokens_first_24h-tokenized/train/vocab.gzip
Glucose,LAB_lab//50931//mg/dl,fused_centiles,85,0.44927603,-0.15338624,0.120549775660038,0.0943639874458313,/gpfs/data/bbj-lab/users/daniel/input-representation-benchmark/outputs/runs/ml4h_2026/models/ml4h_llama_exp1_meds_centiles_none_fusedTrue_discrete_time_tokens-s42/checkpoint-186135,/gpfs/data/bbj-lab/users/daniel/input-representation-benchmark/outputs/runs/tokenized/mimiciv-3.1_meds_70-10-20/centiles_none_fused_time_tokens_first_24h-tokenized/train/vocab.gzip
Glucose,LAB_lab//50931//mg/dl,fused_centiles,86,0.42654732,-0.2615982,0.120549775660038,0.0943639874458313,/gpfs/data/bbj-lab/users/daniel/input-representation-benchmark/outputs/runs/ml4h_2026/models/ml4h_llama_exp1_meds_centiles_none_fusedTrue_discrete_time_tokens-s42/checkpoint-186135,/gpfs/data/bbj-lab/users/daniel/input-representation-benchmark/outputs/runs/tokenized/mimiciv-3.1_meds_70-10-20/centiles_none_fused_time_tokens_first_24h-tokenized/train/vocab.gzip
Glucose,LAB_lab//50931//mg/dl,fused_centiles,87,0.4379869,-0.23422891,0.120549775660038,0.0943639874458313,/gpfs/data/bbj-lab/users/daniel/input-representation-benchmark/outputs/runs/ml4h_2026/models/ml4h_llama_exp1_meds_centiles_none_fusedTrue_discrete_time_tokens-s42/checkpoint-186135,/gpfs/data/bbj-lab/users/daniel/input-representation-benchmark/outputs/runs/tokenized/mimiciv-3.1_meds_70-10-20/centiles_none_fused_time_tokens_first_24h-tokenized/train/vocab.gzip
Glucose,LAB_lab//50931//mg/dl,fused_centiles,88,0.41188973,-0.28693312,0.120549775660038,0.0943639874458313,/gpfs/data/bbj-lab/users/daniel/input-representation-benchmark/outputs/runs/ml4h_2026/models/ml4h_llama_exp1_meds_centiles_none_fusedTrue_discrete_time_tokens-s42/checkpoint-186135,/gpfs/data/bbj-lab/users/daniel/input-representation-benchmark/outputs/runs/tokenized/mimiciv-3.1_meds_70-10-20/centiles_none_fused_time_tokens_first_24h-tokenized/train/vocab.gzip
Glucose,LAB_lab//50931//mg/dl,fused_centiles,89,0.40029025,-0.3360359,0.120549775660038,0.0943639874458313,/gpfs/data/bbj-lab/users/daniel/input-representation-benchmark/outputs/runs/ml4h_2026/models/ml4h_llama_exp1_meds_centiles_none_fusedTrue_discrete_time_tokens-s42/checkpoint-186135,/gpfs/data/bbj-lab/users/daniel/input-representation-benchmark/outputs/runs/tokenized/mimiciv-3.1_meds_70-10-20/centiles_none_fused_time_tokens_first_24h-tokenized/train/vocab.gzip
Glucose,LAB_lab//50931//mg/dl,fused_centiles,90,0.36950433,-0.407292,0.120549775660038,0.0943639874458313,/gpfs/data/bbj-lab/users/daniel/input-representation-benchmark/outputs/runs/ml4h_2026/models/ml4h_llama_exp1_meds_centiles_none_fusedTrue_discrete_time_tokens-s42/checkpoint-186135,/gpfs/data/bbj-lab/users/daniel/input-representation-benchmark/outputs/runs/tokenized/mimiciv-3.1_meds_70-10-20/centiles_none_fused_time_tokens_first_24h-tokenized/train/vocab.gzip
Glucose,LAB_lab//50931//mg/dl,fused_centiles,91,0.34844518,-0.4112826,0.120549775660038,0.0943639874458313,/gpfs/data/bbj-lab/users/daniel/input-representation-benchmark/outputs/runs/ml4h_2026/models/ml4h_llama_exp1_meds_centiles_none_fusedTrue_discrete_time_tokens-s42/checkpoint-186135,/gpfs/data/bbj-lab/users/daniel/input-representation-benchmark/outputs/runs/tokenized/mimiciv-3.1_meds_70-10-20/centiles_none_fused_time_tokens_first_24h-tokenized/train/vocab.gzip
Glucose,LAB_lab//50931//mg/dl,fused_centiles,92,0.38196492,-0.45058775,0.120549775660038,0.0943639874458313,/gpfs/data/bbj-lab/users/daniel/input-representation-benchmark/outputs/runs/ml4h_2026/models/ml4h_llama_exp1_meds_centiles_none_fusedTrue_discrete_time_tokens-s42/checkpoint-186135,/gpfs/data/bbj-lab/users/daniel/input-representation-benchmark/outputs/runs/tokenized/mimiciv-3.1_meds_70-10-20/centiles_none_fused_time_tokens_first_24h-tokenized/train/vocab.gzip
Glucose,LAB_lab//50931//mg/dl,fused_centiles,93,0.36922044,-0.50467336,0.120549775660038,0.0943639874458313,/gpfs/data/bbj-lab/users/daniel/input-representation-benchmark/outputs/runs/ml4h_2026/models/ml4h_llama_exp1_meds_centiles_none_fusedTrue_discrete_time_tokens-s42/checkpoint-186135,/gpfs/data/bbj-lab/users/daniel/input-representation-benchmark/outputs/runs/tokenized/mimiciv-3.1_meds_70-10-20/centiles_none_fused_time_tokens_first_24h-tokenized/train/vocab.gzip
Glucose,LAB_lab//50931//mg/dl,fused_centiles,94,0.32507432,-0.47019684,0.120549775660038,0.0943639874458313,/gpfs/data/bbj-lab/users/daniel/input-representation-benchmark/outputs/runs/ml4h_2026/models/ml4h_llama_exp1_meds_centiles_none_fusedTrue_discrete_time_tokens-s42/checkpoint-186135,/gpfs/data/bbj-lab/users/daniel/input-representation-benchmark/outputs/runs/tokenized/mimiciv-3.1_meds_70-10-20/centiles_none_fused_time_tokens_first_24h-tokenized/train/vocab.gzip
Glucose,LAB_lab//50931//mg/dl,fused_centiles,95,0.27431834,-0.5658767,0.120549775660038,0.0943639874458313,/gpfs/data/bbj-lab/users/daniel/input-representation-benchmark/outputs/runs/ml4h_2026/models/ml4h_llama_exp1_meds_centiles_none_fusedTrue_discrete_time_tokens-s42/checkpoint-186135,/gpfs/data/bbj-lab/users/daniel/input-representation-benchmark/outputs/runs/tokenized/mimiciv-3.1_meds_70-10-20/centiles_none_fused_time_tokens_first_24h-tokenized/train/vocab.gzip
Glucose,LAB_lab//50931//mg/dl,fused_centiles,96,0.24644035,-0.6247842,0.120549775660038,0.0943639874458313,/gpfs/data/bbj-lab/users/daniel/input-representation-benchmark/outputs/runs/ml4h_2026/models/ml4h_llama_exp1_meds_centiles_none_fusedTrue_discrete_time_tokens-s42/checkpoint-186135,/gpfs/data/bbj-lab/users/daniel/input-representation-benchmark/outputs/runs/tokenized/mimiciv-3.1_meds_70-10-20/centiles_none_fused_time_tokens_first_24h-tokenized/train/vocab.gzip
Glucose,LAB_lab//50931//mg/dl,fused_centiles,97,0.19149083,-0.6496794,0.120549775660038,0.0943639874458313,/gpfs/data/bbj-lab/users/daniel/input-representation-benchmark/outputs/runs/ml4h_2026/models/ml4h_llama_exp1_meds_centiles_none_fusedTrue_discrete_time_tokens-s42/checkpoint-186135,/gpfs/data/bbj-lab/users/daniel/input-representation-benchmark/outputs/runs/tokenized/mimiciv-3.1_meds_70-10-20/centiles_none_fused_time_tokens_first_24h-tokenized/train/vocab.gzip
Glucose,LAB_lab//50931//mg/dl,fused_centiles,98,0.13909215,-0.6599818,0.120549775660038,0.0943639874458313,/gpfs/data/bbj-lab/users/daniel/input-representation-benchmark/outputs/runs/ml4h_2026/models/ml4h_llama_exp1_meds_centiles_none_fusedTrue_discrete_time_tokens-s42/checkpoint-186135,/gpfs/data/bbj-lab/users/daniel/input-representation-benchmark/outputs/runs/tokenized/mimiciv-3.1_meds_70-10-20/centiles_none_fused_time_tokens_first_24h-tokenized/train/vocab.gzip
Glucose,LAB_lab//50931//mg/dl,fused_centiles,99,0.09214531,-0.5883006,0.120549775660038,0.0943639874458313,/gpfs/data/bbj-lab/users/daniel/input-representation-benchmark/outputs/runs/ml4h_2026/models/ml4h_llama_exp1_meds_centiles_none_fusedTrue_discrete_time_tokens-s42/checkpoint-186135,/gpfs/data/bbj-lab/users/daniel/input-representation-benchmark/outputs/runs/tokenized/mimiciv-3.1_meds_70-10-20/centiles_none_fused_time_tokens_first_24h-tokenized/train/vocab.gzip
Sodium,LAB_lab//50983//meq/l,fused_centiles,0,-0.17748672,0.50040686,0.20328524708747864,0.11906647682189941,/gpfs/data/bbj-lab/users/daniel/input-representation-benchmark/outputs/runs/ml4h_2026/models/ml4h_llama_exp1_meds_centiles_none_fusedTrue_discrete_time_tokens-s42/checkpoint-186135,/gpfs/data/bbj-lab/users/daniel/input-representation-benchmark/outputs/runs/tokenized/mimiciv-3.1_meds_70-10-20/centiles_none_fused_time_tokens_first_24h-tokenized/train/vocab.gzip
Sodium,LAB_lab//50983//meq/l,fused_centiles,1,-0.40976804,0.42992613,0.20328524708747864,0.11906647682189941,/gpfs/data/bbj-lab/users/daniel/input-representation-benchmark/outputs/runs/ml4h_2026/models/ml4h_llama_exp1_meds_centiles_none_fusedTrue_discrete_time_tokens-s42/checkpoint-186135,/gpfs/data/bbj-lab/users/daniel/input-representation-benchmark/outputs/runs/tokenized/mimiciv-3.1_meds_70-10-20/centiles_none_fused_time_tokens_first_24h-tokenized/train/vocab.gzip
Sodium,LAB_lab//50983//meq/l,fused_centiles,2,-0.5341346,0.38256317,0.20328524708747864,0.11906647682189941,/gpfs/data/bbj-lab/users/daniel/input-representation-benchmark/outputs/runs/ml4h_2026/models/ml4h_llama_exp1_meds_centiles_none_fusedTrue_discrete_time_tokens-s42/checkpoint-186135,/gpfs/data/bbj-lab/users/daniel/input-representation-benchmark/outputs/runs/tokenized/mimiciv-3.1_meds_70-10-20/centiles_none_fused_time_tokens_first_24h-tokenized/train/vocab.gzip
Sodium,LAB_lab//50983//meq/l,fused_centiles,3,-0.5297209,0.23321855,0.20328524708747864,0.11906647682189941,/gpfs/data/bbj-lab/users/daniel/input-representation-benchmark/outputs/runs/ml4h_2026/models/ml4h_llama_exp1_meds_centiles_none_fusedTrue_discrete_time_tokens-s42/checkpoint-186135,/gpfs/data/bbj-lab/users/daniel/input-representation-benchmark/outputs/runs/tokenized/mimiciv-3.1_meds_70-10-20/centiles_none_fused_time_tokens_first_24h-tokenized/train/vocab.gzip
Sodium,LAB_lab//50983//meq/l,fused_centiles,5,-0.5579095,0.14556046,0.20328524708747864,0.11906647682189941,/gpfs/data/bbj-lab/users/daniel/input-representation-benchmark/outputs/runs/ml4h_2026/models/ml4h_llama_exp1_meds_centiles_none_fusedTrue_discrete_time_tokens-s42/checkpoint-186135,/gpfs/data/bbj-lab/users/daniel/input-representation-benchmark/outputs/runs/tokenized/mimiciv-3.1_meds_70-10-20/centiles_none_fused_time_tokens_first_24h-tokenized/train/vocab.gzip
Sodium,LAB_lab//50983//meq/l,fused_centiles,6,0.10979471,0.29424566,0.20328524708747864,0.11906647682189941,/gpfs/data/bbj-lab/users/daniel/input-representation-benchmark/outputs/runs/ml4h_2026/models/ml4h_llama_exp1_meds_centiles_none_fusedTrue_discrete_time_tokens-s42/checkpoint-186135,/gpfs/data/bbj-lab/users/daniel/input-representation-benchmark/outputs/runs/tokenized/mimiciv-3.1_meds_70-10-20/centiles_none_fused_time_tokens_first_24h-tokenized/train/vocab.gzip
Sodium,LAB_lab//50983//meq/l,fused_centiles,7,-0.5055821,0.0030182991,0.20328524708747864,0.11906647682189941,/gpfs/data/bbj-lab/users/daniel/input-representation-benchmark/outputs/runs/ml4h_2026/models/ml4h_llama_exp1_meds_centiles_none_fusedTrue_discrete_time_tokens-s42/checkpoint-186135,/gpfs/data/bbj-lab/users/daniel/input-representation-benchmark/outputs/runs/tokenized/mimiciv-3.1_meds_70-10-20/centiles_none_fused_time_tokens_first_24h-tokenized/train/vocab.gzip
Sodium,LAB_lab//50983//meq/l,fused_centiles,9,-0.5198001,-0.011272711,0.20328524708747864,0.11906647682189941,/gpfs/data/bbj-lab/users/daniel/input-representation-benchmark/outputs/runs/ml4h_2026/models/ml4h_llama_exp1_meds_centiles_none_fusedTrue_discrete_time_tokens-s42/checkpoint-186135,/gpfs/data/bbj-lab/users/daniel/input-representation-benchmark/outputs/runs/tokenized/mimiciv-3.1_meds_70-10-20/centiles_none_fused_time_tokens_first_24h-tokenized/train/vocab.gzip
Sodium,LAB_lab//50983//meq/l,fused_centiles,13,-0.46646577,-0.14348248,0.20328524708747864,0.11906647682189941,/gpfs/data/bbj-lab/users/daniel/input-representation-benchmark/outputs/runs/ml4h_2026/models/ml4h_llama_exp1_meds_centiles_none_fusedTrue_discrete_time_tokens-s42/checkpoint-186135,/gpfs/data/bbj-lab/users/daniel/input-representation-benchmark/outputs/runs/tokenized/mimiciv-3.1_meds_70-10-20/centiles_none_fused_time_tokens_first_24h-tokenized/train/vocab.gzip
Sodium,LAB_lab//50983//meq/l,fused_centiles,18,-0.37090433,-0.23059762,0.20328524708747864,0.11906647682189941,/gpfs/data/bbj-lab/users/daniel/input-representation-benchmark/outputs/runs/ml4h_2026/models/ml4h_llama_exp1_meds_centiles_none_fusedTrue_discrete_time_tokens-s42/checkpoint-186135,/gpfs/data/bbj-lab/users/daniel/input-representation-benchmark/outputs/runs/tokenized/mimiciv-3.1_meds_70-10-20/centiles_none_fused_time_tokens_first_24h-tokenized/train/vocab.gzip
Sodium,LAB_lab//50983//meq/l,fused_centiles,23,-0.31385714,-0.31386274,0.20328524708747864,0.11906647682189941,/gpfs/data/bbj-lab/users/daniel/input-representation-benchmark/outputs/runs/ml4h_2026/models/ml4h_llama_exp1_meds_centiles_none_fusedTrue_discrete_time_tokens-s42/checkpoint-186135,/gpfs/data/bbj-lab/users/daniel/input-representation-benchmark/outputs/runs/tokenized/mimiciv-3.1_meds_70-10-20/centiles_none_fused_time_tokens_first_24h-tokenized/train/vocab.gzip
Sodium,LAB_lab//50983//meq/l,fused_centiles,31,-0.23732877,-0.28593928,0.20328524708747864,0.11906647682189941,/gpfs/data/bbj-lab/users/daniel/input-representation-benchmark/outputs/runs/ml4h_2026/models/ml4h_llama_exp1_meds_centiles_none_fusedTrue_discrete_time_tokens-s42/checkpoint-186135,/gpfs/data/bbj-lab/users/daniel/input-representation-benchmark/outputs/runs/tokenized/mimiciv-3.1_meds_70-10-20/centiles_none_fused_time_tokens_first_24h-tokenized/train/vocab.gzip
Sodium,LAB_lab//50983//meq/l,fused_centiles,40,-0.10335641,-0.37590367,0.20328524708747864,0.11906647682189941,/gpfs/data/bbj-lab/users/daniel/input-representation-benchmark/outputs/runs/ml4h_2026/models/ml4h_llama_exp1_meds_centiles_none_fusedTrue_discrete_time_tokens-s42/checkpoint-186135,/gpfs/data/bbj-lab/users/daniel/input-representation-benchmark/outputs/runs/tokenized/mimiciv-3.1_meds_70-10-20/centiles_none_fused_time_tokens_first_24h-tokenized/train/vocab.gzip
Sodium,LAB_lab//50983//meq/l,fused_centiles,49,0.019391982,-0.3933133,0.20328524708747864,0.11906647682189941,/gpfs/data/bbj-lab/users/daniel/input-representation-benchmark/outputs/runs/ml4h_2026/models/ml4h_llama_exp1_meds_centiles_none_fusedTrue_discrete_time_tokens-s42/checkpoint-186135,/gpfs/data/bbj-lab/users/daniel/input-representation-benchmark/outputs/runs/tokenized/mimiciv-3.1_meds_70-10-20/centiles_none_fused_time_tokens_first_24h-tokenized/train/vocab.gzip
Sodium,LAB_lab//50983//meq/l,fused_centiles,60,0.07794586,-0.4450635,0.20328524708747864,0.11906647682189941,/gpfs/data/bbj-lab/users/daniel/input-representation-benchmark/outputs/runs/ml4h_2026/models/ml4h_llama_exp1_meds_centiles_none_fusedTrue_discrete_time_tokens-s42/checkpoint-186135,/gpfs/data/bbj-lab/users/daniel/input-representation-benchmark/outputs/runs/tokenized/mimiciv-3.1_meds_70-10-20/centiles_none_fused_time_tokens_first_24h-tokenized/train/vocab.gzip
Sodium,LAB_lab//50983//meq/l,fused_centiles,69,0.12997729,-0.40146992,0.20328524708747864,0.11906647682189941,/gpfs/data/bbj-lab/users/daniel/input-representation-benchmark/outputs/runs/ml4h_2026/models/ml4h_llama_exp1_meds_centiles_none_fusedTrue_discrete_time_tokens-s42/checkpoint-186135,/gpfs/data/bbj-lab/users/daniel/input-representation-benchmark/outputs/runs/tokenized/mimiciv-3.1_meds_70-10-20/centiles_none_fused_time_tokens_first_24h-tokenized/train/vocab.gzip
Sodium,LAB_lab//50983//meq/l,fused_centiles,78,0.28029478,-0.38069397,0.20328524708747864,0.11906647682189941,/gpfs/data/bbj-lab/users/daniel/input-representation-benchmark/outputs/runs/ml4h_2026/models/ml4h_llama_exp1_meds_centiles_none_fusedTrue_discrete_time_tokens-s42/checkpoint-186135,/gpfs/data/bbj-lab/users/daniel/input-representation-benchmark/outputs/runs/tokenized/mimiciv-3.1_meds_70-10-20/centiles_none_fused_time_tokens_first_24h-tokenized/train/vocab.gzip
Sodium,LAB_lab//50983//meq/l,fused_centiles,84,0.41686207,-0.29548937,0.20328524708747864,0.11906647682189941,/gpfs/data/bbj-lab/users/daniel/input-representation-benchmark/outputs/runs/ml4h_2026/models/ml4h_llama_exp1_meds_centiles_none_fusedTrue_discrete_time_tokens-s42/checkpoint-186135,/gpfs/data/bbj-lab/users/daniel/input-representation-benchmark/outputs/runs/tokenized/mimiciv-3.1_meds_70-10-20/centiles_none_fused_time_tokens_first_24h-tokenized/train/vocab.gzip
Sodium,LAB_lab//50983//meq/l,fused_centiles,89,0.5067443,-0.15047887,0.20328524708747864,0.11906647682189941,/gpfs/data/bbj-lab/users/daniel/input-representation-benchmark/outputs/runs/ml4h_2026/models/ml4h_llama_exp1_meds_centiles_none_fusedTrue_discrete_time_tokens-s42/checkpoint-186135,/gpfs/data/bbj-lab/users/daniel/input-representation-benchmark/outputs/runs/tokenized/mimiciv-3.1_meds_70-10-20/centiles_none_fused_time_tokens_first_24h-tokenized/train/vocab.gzip
Sodium,LAB_lab//50983//meq/l,fused_centiles,92,0.56919837,-0.08274287,0.20328524708747864,0.11906647682189941,/gpfs/data/bbj-lab/users/daniel/input-representation-benchmark/outputs/runs/ml4h_2026/models/ml4h_llama_exp1_meds_centiles_none_fusedTrue_discrete_time_tokens-s42/checkpoint-186135,/gpfs/data/bbj-lab/users/daniel/input-representation-benchmark/outputs/runs/tokenized/mimiciv-3.1_meds_70-10-20/centiles_none_fused_time_tokens_first_24h-tokenized/train/vocab.gzip
Sodium,LAB_lab//50983//meq/l,fused_centiles,94,0.57065105,-0.0061469544,0.20328524708747864,0.11906647682189941,/gpfs/data/bbj-lab/users/daniel/input-representation-benchmark/outputs/runs/ml4h_2026/models/ml4h_llama_exp1_meds_centiles_none_fusedTrue_discrete_time_tokens-s42/checkpoint-186135,/gpfs/data/bbj-lab/users/daniel/input-representation-benchmark/outputs/runs/tokenized/mimiciv-3.1_meds_70-10-20/centiles_none_fused_time_tokens_first_24h-tokenized/train/vocab.gzip
Sodium,LAB_lab//50983//meq/l,fused_centiles,96,0.61091715,0.18646973,0.20328524708747864,0.11906647682189941,/gpfs/data/bbj-lab/users/daniel/input-representation-benchmark/outputs/runs/ml4h_2026/models/ml4h_llama_exp1_meds_centiles_none_fusedTrue_discrete_time_tokens-s42/checkpoint-186135,/gpfs/data/bbj-lab/users/daniel/input-representation-benchmark/outputs/runs/tokenized/mimiciv-3.1_meds_70-10-20/centiles_none_fused_time_tokens_first_24h-tokenized/train/vocab.gzip
Sodium,LAB_lab//50983//meq/l,fused_centiles,97,0.5743867,0.32552797,0.20328524708747864,0.11906647682189941,/gpfs/data/bbj-lab/users/daniel/input-representation-benchmark/outputs/runs/ml4h_2026/models/ml4h_llama_exp1_meds_centiles_none_fusedTrue_discrete_time_tokens-s42/checkpoint-186135,/gpfs/data/bbj-lab/users/daniel/input-representation-benchmark/outputs/runs/tokenized/mimiciv-3.1_meds_70-10-20/centiles_none_fused_time_tokens_first_24h-tokenized/train/vocab.gzip
Sodium,LAB_lab//50983//meq/l,fused_centiles,98,0.4956405,0.45706487,0.20328524708747864,0.11906647682189941,/gpfs/data/bbj-lab/users/daniel/input-representation-benchmark/outputs/runs/ml4h_2026/models/ml4h_llama_exp1_meds_centiles_none_fusedTrue_discrete_time_tokens-s42/checkpoint-186135,/gpfs/data/bbj-lab/users/daniel/input-representation-benchmark/outputs/runs/tokenized/mimiciv-3.1_meds_70-10-20/centiles_none_fused_time_tokens_first_24h-tokenized/train/vocab.gzip
Sodium,LAB_lab//50983//meq/l,fused_centiles,99,0.3645098,0.5584555,0.20328524708747864,0.11906647682189941,/gpfs/data/bbj-lab/users/daniel/input-representation-benchmark/outputs/runs/ml4h_2026/models/ml4h_llama_exp1_meds_centiles_none_fusedTrue_discrete_time_tokens-s42/checkpoint-186135,/gpfs/data/bbj-lab/users/daniel/input-representation-benchmark/outputs/runs/tokenized/mimiciv-3.1_meds_70-10-20/centiles_none_fused_time_tokens_first_24h-tokenized/train/vocab.gzip
Heart rate,VTL_vital//220045//bpm,fused_centiles,0,0.09264901,-0.3945107,0.09930550307035446,0.07291927933692932,/gpfs/data/bbj-lab/users/daniel/input-representation-benchmark/outputs/runs/ml4h_2026/models/ml4h_llama_exp1_meds_centiles_none_fusedTrue_discrete_time_tokens-s42/checkpoint-186135,/gpfs/data/bbj-lab/users/daniel/input-representation-benchmark/outputs/runs/tokenized/mimiciv-3.1_meds_70-10-20/centiles_none_fused_time_tokens_first_24h-tokenized/train/vocab.gzip
Heart rate,VTL_vital//220045//bpm,fused_centiles,1,0.08860206,-0.4872226,0.09930550307035446,0.07291927933692932,/gpfs/data/bbj-lab/users/daniel/input-representation-benchmark/outputs/runs/ml4h_2026/models/ml4h_llama_exp1_meds_centiles_none_fusedTrue_discrete_time_tokens-s42/checkpoint-186135,/gpfs/data/bbj-lab/users/daniel/input-representation-benchmark/outputs/runs/tokenized/mimiciv-3.1_meds_70-10-20/centiles_none_fused_time_tokens_first_24h-tokenized/train/vocab.gzip
Heart rate,VTL_vital//220045//bpm,fused_centiles,2,0.14487849,-0.456649,0.09930550307035446,0.07291927933692932,/gpfs/data/bbj-lab/users/daniel/input-representation-benchmark/outputs/runs/ml4h_2026/models/ml4h_llama_exp1_meds_centiles_none_fusedTrue_discrete_time_tokens-s42/checkpoint-186135,/gpfs/data/bbj-lab/users/daniel/input-representation-benchmark/outputs/runs/tokenized/mimiciv-3.1_meds_70-10-20/centiles_none_fused_time_tokens_first_24h-tokenized/train/vocab.gzip
Heart rate,VTL_vital//220045//bpm,fused_centiles,3,0.18023463,-0.48419183,0.09930550307035446,0.07291927933692932,/gpfs/data/bbj-lab/users/daniel/input-representation-benchmark/outputs/runs/ml4h_2026/models/ml4h_llama_exp1_meds_centiles_none_fusedTrue_discrete_time_tokens-s42/checkpoint-186135,/gpfs/data/bbj-lab/users/daniel/input-representation-benchmark/outputs/runs/tokenized/mimiciv-3.1_meds_70-10-20/centiles_none_fused_time_tokens_first_24h-tokenized/train/vocab.gzip
Heart rate,VTL_vital//220045//bpm,fused_centiles,4,0.1886194,-0.5613148,0.09930550307035446,0.07291927933692932,/gpfs/data/bbj-lab/users/daniel/input-representation-benchmark/outputs/runs/ml4h_2026/models/ml4h_llama_exp1_meds_centiles_none_fusedTrue_discrete_time_tokens-s42/checkpoint-186135,/gpfs/data/bbj-lab/users/daniel/input-representation-benchmark/outputs/runs/tokenized/mimiciv-3.1_meds_70-10-20/centiles_none_fused_time_tokens_first_24h-tokenized/train/vocab.gzip
Heart rate,VTL_vital//220045//bpm,fused_centiles,5,0.14875415,-0.5295106,0.09930550307035446,0.07291927933692932,/gpfs/data/bbj-lab/users/daniel/input-representation-benchmark/outputs/runs/ml4h_2026/models/ml4h_llama_exp1_meds_centiles_none_fusedTrue_discrete_time_tokens-s42/checkpoint-186135,/gpfs/data/bbj-lab/users/daniel/input-representation-benchmark/outputs/runs/tokenized/mimiciv-3.1_meds_70-10-20/centiles_none_fused_time_tokens_first_24h-tokenized/train/vocab.gzip
Heart rate,VTL_vital//220045//bpm,fused_centiles,6,0.15831757,-0.35593247,0.09930550307035446,0.07291927933692932,/gpfs/data/bbj-lab/users/daniel/input-representation-benchmark/outputs/runs/ml4h_2026/models/ml4h_llama_exp1_meds_centiles_none_fusedTrue_discrete_time_tokens-s42/checkpoint-186135,/gpfs/data/bbj-lab/users/daniel/input-representation-benchmark/outputs/runs/tokenized/mimiciv-3.1_meds_70-10-20/centiles_none_fused_time_tokens_first_24h-tokenized/train/vocab.gzip
Heart rate,VTL_vital//220045//bpm,fused_centiles,7,0.29843536,-0.3167435,0.09930550307035446,0.07291927933692932,/gpfs/data/bbj-lab/users/daniel/input-representation-benchmark/outputs/runs/ml4h_2026/models/ml4h_llama_exp1_meds_centiles_none_fusedTrue_discrete_time_tokens-s42/checkpoint-186135,/gpfs/data/bbj-lab/users/daniel/input-representation-benchmark/outputs/runs/tokenized/mimiciv-3.1_meds_70-10-20/centiles_none_fused_time_tokens_first_24h-tokenized/train/vocab.gzip
Heart rate,VTL_vital//220045//bpm,fused_centiles,8,0.37281883,-0.26097113,0.09930550307035446,0.07291927933692932,/gpfs/data/bbj-lab/users/daniel/input-representation-benchmark/outputs/runs/ml4h_2026/models/ml4h_llama_exp1_meds_centiles_none_fusedTrue_discrete_time_tokens-s42/checkpoint-186135,/gpfs/data/bbj-lab/users/daniel/input-representation-benchmark/outputs/runs/tokenized/mimiciv-3.1_meds_70-10-20/centiles_none_fused_time_tokens_first_24h-tokenized/train/vocab.gzip
Heart rate,VTL_vital//220045//bpm,fused_centiles,9,0.28576416,-0.41415983,0.09930550307035446,0.07291927933692932,/gpfs/data/bbj-lab/users/daniel/input-representation-benchmark/outputs/runs/ml4h_2026/models/ml4h_llama_exp1_meds_centiles_none_fusedTrue_discrete_time_tokens-s42/checkpoint-186135,/gpfs/data/bbj-lab/users/daniel/input-representation-benchmark/outputs/runs/tokenized/mimiciv-3.1_meds_70-10-20/centiles_none_fused_time_tokens_first_24h-tokenized/train/vocab.gzip
Heart rate,VTL_vital//220045//bpm,fused_centiles,10,0.34668022,-0.2554998,0.09930550307035446,0.07291927933692932,/gpfs/data/bbj-lab/users/daniel/input-representation-benchmark/outputs/runs/ml4h_2026/models/ml4h_llama_exp1_meds_centiles_none_fusedTrue_discrete_time_tokens-s42/checkpoint-186135,/gpfs/data/bbj-lab/users/daniel/input-representation-benchmark/outputs/runs/tokenized/mimiciv-3.1_meds_70-10-20/centiles_none_fused_time_tokens_first_24h-tokenized/train/vocab.gzip
Heart rate,VTL_vital//220045//bpm,fused_centiles,12,0.39181542,-0.2737702,0.09930550307035446,0.07291927933692932,/gpfs/data/bbj-lab/users/daniel/input-representation-benchmark/outputs/runs/ml4h_2026/models/ml4h_llama_exp1_meds_centiles_none_fusedTrue_discrete_time_tokens-s42/checkpoint-186135,/gpfs/data/bbj-lab/users/daniel/input-representation-benchmark/outputs/runs/tokenized/mimiciv-3.1_meds_70-10-20/centiles_none_fused_time_tokens_first_24h-tokenized/train/vocab.gzip
Heart rate,VTL_vital//220045//bpm,fused_centiles,13,0.34336692,-0.2763093,0.09930550307035446,0.07291927933692932,/gpfs/data/bbj-lab/users/daniel/input-representation-benchmark/outputs/runs/ml4h_2026/models/ml4h_llama_exp1_meds_centiles_none_fusedTrue_discrete_time_tokens-s42/checkpoint-186135,/gpfs/data/bbj-lab/users/daniel/input-representation-benchmark/outputs/runs/tokenized/mimiciv-3.1_meds_70-10-20/centiles_none_fused_time_tokens_first_24h-tokenized/train/vocab.gzip
Heart rate,VTL_vital//220045//bpm,fused_centiles,15,0.41669613,-0.22372763,0.09930550307035446,0.07291927933692932,/gpfs/data/bbj-lab/users/daniel/input-representation-benchmark/outputs/runs/ml4h_2026/models/ml4h_llama_exp1_meds_centiles_none_fusedTrue_discrete_time_tokens-s42/checkpoint-186135,/gpfs/data/bbj-lab/users/daniel/input-representation-benchmark/outputs/runs/tokenized/mimiciv-3.1_meds_70-10-20/centiles_none_fused_time_tokens_first_24h-tokenized/train/vocab.gzip
Heart rate,VTL_vital//220045//bpm,fused_centiles,16,0.37836236,-0.24026358,0.09930550307035446,0.07291927933692932,/gpfs/data/bbj-lab/users/daniel/input-representation-benchmark/outputs/runs/ml4h_2026/models/ml4h_llama_exp1_meds_centiles_none_fusedTrue_discrete_time_tokens-s42/checkpoint-186135,/gpfs/data/bbj-lab/users/daniel/input-representation-benchmark/outputs/runs/tokenized/mimiciv-3.1_meds_70-10-20/centiles_none_fused_time_tokens_first_24h-tokenized/train/vocab.gzip
Heart rate,VTL_vital//220045//bpm,fused_centiles,18,0.3744185,-0.13719572,0.09930550307035446,0.07291927933692932,/gpfs/data/bbj-lab/users/daniel/input-representation-benchmark/outputs/runs/ml4h_2026/models/ml4h_llama_exp1_meds_centiles_none_fusedTrue_discrete_time_tokens-s42/checkpoint-186135,/gpfs/data/bbj-lab/users/daniel/input-representation-benchmark/outputs/runs/tokenized/mimiciv-3.1_meds_70-10-20/centiles_none_fused_time_tokens_first_24h-tokenized/train/vocab.gzip
Heart rate,VTL_vital//220045//bpm,fused_centiles,20,0.3997204,-0.040515415,0.09930550307035446,0.07291927933692932,/gpfs/data/bbj-lab/users/daniel/input-representation-benchmark/outputs/runs/ml4h_2026/models/ml4h_llama_exp1_meds_centiles_none_fusedTrue_discrete_time_tokens-s42/checkpoint-186135,/gpfs/data/bbj-lab/users/daniel/input-representation-benchmark/outputs/runs/tokenized/mimiciv-3.1_meds_70-10-20/centiles_none_fused_time_tokens_first_24h-tokenized/train/vocab.gzip
Heart rate,VTL_vital//220045//bpm,fused_centiles,22,0.4642668,0.06824494,0.09930550307035446,0.07291927933692932,/gpfs/data/bbj-lab/users/daniel/input-representation-benchmark/outputs/runs/ml4h_2026/models/ml4h_llama_exp1_meds_centiles_none_fusedTrue_discrete_time_tokens-s42/checkpoint-186135,/gpfs/data/bbj-lab/users/daniel/input-representation-benchmark/outputs/runs/tokenized/mimiciv-3.1_meds_70-10-20/centiles_none_fused_time_tokens_first_24h-tokenized/train/vocab.gzip
Heart rate,VTL_vital//220045//bpm,fused_centiles,23,0.41083363,0.02284402,0.09930550307035446,0.07291927933692932,/gpfs/data/bbj-lab/users/daniel/input-representation-benchmark/outputs/runs/ml4h_2026/models/ml4h_llama_exp1_meds_centiles_none_fusedTrue_discrete_time_tokens-s42/checkpoint-186135,/gpfs/data/bbj-lab/users/daniel/input-representation-benchmark/outputs/runs/tokenized/mimiciv-3.1_meds_70-10-20/centiles_none_fused_time_tokens_first_24h-tokenized/train/vocab.gzip
Heart rate,VTL_vital//220045//bpm,fused_centiles,25,0.45746318,0.14914632,0.09930550307035446,0.07291927933692932,/gpfs/data/bbj-lab/users/daniel/input-representation-benchmark/outputs/runs/ml4h_2026/models/ml4h_llama_exp1_meds_centiles_none_fusedTrue_discrete_time_tokens-s42/checkpoint-186135,/gpfs/data/bbj-lab/users/daniel/input-representation-benchmark/outputs/runs/tokenized/mimiciv-3.1_meds_70-10-20/centiles_none_fused_time_tokens_first_24h-tokenized/train/vocab.gzip
Heart rate,VTL_vital//220045//bpm,fused_centiles,27,0.3870534,0.13442081,0.09930550307035446,0.07291927933692932,/gpfs/data/bbj-lab/users/daniel/input-representation-benchmark/outputs/runs/ml4h_2026/models/ml4h_llama_exp1_meds_centiles_none_fusedTrue_discrete_time_tokens-s42/checkpoint-186135,/gpfs/data/bbj-lab/users/daniel/input-representation-benchmark/outputs/runs/tokenized/mimiciv-3.1_meds_70-10-20/centiles_none_fused_time_tokens_first_24h-tokenized/train/vocab.gzip
Heart rate,VTL_vital//220045//bpm,fused_centiles,29,0.45344317,0.14884779,0.09930550307035446,0.07291927933692932,/gpfs/data/bbj-lab/users/daniel/input-representation-benchmark/outputs/runs/ml4h_2026/models/ml4h_llama_exp1_meds_centiles_none_fusedTrue_discrete_time_tokens-s42/checkpoint-186135,/gpfs/data/bbj-lab/users/daniel/input-representation-benchmark/outputs/runs/tokenized/mimiciv-3.1_meds_70-10-20/centiles_none_fused_time_tokens_first_24h-tokenized/train/vocab.gzip
Heart rate,VTL_vital//220045//bpm,fused_centiles,31,0.41987854,0.26310876,0.09930550307035446,0.07291927933692932,/gpfs/data/bbj-lab/users/daniel/input-representation-benchmark/outputs/runs/ml4h_2026/models/ml4h_llama_exp1_meds_centiles_none_fusedTrue_discrete_time_tokens-s42/checkpoint-186135,/gpfs/data/bbj-lab/users/daniel/input-representation-benchmark/outputs/runs/tokenized/mimiciv-3.1_meds_70-10-20/centiles_none_fused_time_tokens_first_24h-tokenized/train/vocab.gzip
Heart rate,VTL_vital//220045//bpm,fused_centiles,33,0.33460796,0.2277321,0.09930550307035446,0.07291927933692932,/gpfs/data/bbj-lab/users/daniel/input-representation-benchmark/outputs/runs/ml4h_2026/models/ml4h_llama_exp1_meds_centiles_none_fusedTrue_discrete_time_tokens-s42/checkpoint-186135,/gpfs/data/bbj-lab/users/daniel/input-representation-benchmark/outputs/runs/tokenized/mimiciv-3.1_meds_70-10-20/centiles_none_fused_time_tokens_first_24h-tokenized/train/vocab.gzip
Heart rate,VTL_vital//220045//bpm,fused_centiles,35,0.38082784,0.2472237,0.09930550307035446,0.07291927933692932,/gpfs/data/bbj-lab/users/daniel/input-representation-benchmark/outputs/runs/ml4h_2026/models/ml4h_llama_exp1_meds_centiles_none_fusedTrue_discrete_time_tokens-s42/checkpoint-186135,/gpfs/data/bbj-lab/users/daniel/input-representation-benchmark/outputs/runs/tokenized/mimiciv-3.1_meds_70-10-20/centiles_none_fused_time_tokens_first_24h-tokenized/train/vocab.gzip
Heart rate,VTL_vital//220045//bpm,fused_centiles,38,0.3049881,0.19707832,0.09930550307035446,0.07291927933692932,/gpfs/data/bbj-lab/users/daniel/input-representation-benchmark/outputs/runs/ml4h_2026/models/ml4h_llama_exp1_meds_centiles_none_fusedTrue_discrete_time_tokens-s42/checkpoint-186135,/gpfs/data/bbj-lab/users/daniel/input-representation-benchmark/outputs/runs/tokenized/mimiciv-3.1_meds_70-10-20/centiles_none_fused_time_tokens_first_24h-tokenized/train/vocab.gzip
Heart rate,VTL_vital//220045//bpm,fused_centiles,40,0.27695766,0.33214036,0.09930550307035446,0.07291927933692932,/gpfs/data/bbj-lab/users/daniel/input-representation-benchmark/outputs/runs/ml4h_2026/models/ml4h_llama_exp1_meds_centiles_none_fusedTrue_discrete_time_tokens-s42/checkpoint-186135,/gpfs/data/bbj-lab/users/daniel/input-representation-benchmark/outputs/runs/tokenized/mimiciv-3.1_meds_70-10-20/centiles_none_fused_time_tokens_first_24h-tokenized/train/vocab.gzip
Heart rate,VTL_vital//220045//bpm,fused_centiles,42,0.2372793,0.26429066,0.09930550307035446,0.07291927933692932,/gpfs/data/bbj-lab/users/daniel/input-representation-benchmark/outputs/runs/ml4h_2026/models/ml4h_llama_exp1_meds_centiles_none_fusedTrue_discrete_time_tokens-s42/checkpoint-186135,/gpfs/data/bbj-lab/users/daniel/input-representation-benchmark/outputs/runs/tokenized/mimiciv-3.1_meds_70-10-20/centiles_none_fused_time_tokens_first_24h-tokenized/train/vocab.gzip
Heart rate,VTL_vital//220045//bpm,fused_centiles,45,0.24863398,0.4114012,0.09930550307035446,0.07291927933692932,/gpfs/data/bbj-lab/users/daniel/input-representation-benchmark/outputs/runs/ml4h_2026/models/ml4h_llama_exp1_meds_centiles_none_fusedTrue_discrete_time_tokens-s42/checkpoint-186135,/gpfs/data/bbj-lab/users/daniel/input-representation-benchmark/outputs/runs/tokenized/mimiciv-3.1_meds_70-10-20/centiles_none_fused_time_tokens_first_24h-tokenized/train/vocab.gzip
Heart rate,VTL_vital//220045//bpm,fused_centiles,47,0.16453856,0.37534422,0.09930550307035446,0.07291927933692932,/gpfs/data/bbj-lab/users/daniel/input-representation-benchmark/outputs/runs/ml4h_2026/models/ml4h_llama_exp1_meds_centiles_none_fusedTrue_discrete_time_tokens-s42/checkpoint-186135,/gpfs/data/bbj-lab/users/daniel/input-representation-benchmark/outputs/runs/tokenized/mimiciv-3.1_meds_70-10-20/centiles_none_fused_time_tokens_first_24h-tokenized/train/vocab.gzip
Heart rate,VTL_vital//220045//bpm,fused_centiles,49,0.20539446,0.45116067,0.09930550307035446,0.07291927933692932,/gpfs/data/bbj-lab/users/daniel/input-representation-benchmark/outputs/runs/ml4h_2026/models/ml4h_llama_exp1_meds_centiles_none_fusedTrue_discrete_time_tokens-s42/checkpoint-186135,/gpfs/data/bbj-lab/users/daniel/input-representation-benchmark/outputs/runs/tokenized/mimiciv-3.1_meds_70-10-20/centiles_none_fused_time_tokens_first_24h-tokenized/train/vocab.gzip
Heart rate,VTL_vital//220045//bpm,fused_centiles,51,0.11794919,0.2850323,0.09930550307035446,0.07291927933692932,/gpfs/data/bbj-lab/users/daniel/input-representation-benchmark/outputs/runs/ml4h_2026/models/ml4h_llama_exp1_meds_centiles_none_fusedTrue_discrete_time_tokens-s42/checkpoint-186135,/gpfs/data/bbj-lab/users/daniel/input-representation-benchmark/outputs/runs/tokenized/mimiciv-3.1_meds_70-10-20/centiles_none_fused_time_tokens_first_24h-tokenized/train/vocab.gzip
Heart rate,VTL_vital//220045//bpm,fused_centiles,53,0.081646934,0.4376812,0.09930550307035446,0.07291927933692932,/gpfs/data/bbj-lab/users/daniel/input-representation-benchmark/outputs/runs/ml4h_2026/models/ml4h_llama_exp1_meds_centiles_none_fusedTrue_discrete_time_tokens-s42/checkpoint-186135,/gpfs/data/bbj-lab/users/daniel/input-representation-benchmark/outputs/runs/tokenized/mimiciv-3.1_meds_70-10-20/centiles_none_fused_time_tokens_first_24h-tokenized/train/vocab.gzip
Heart rate,VTL_vital//220045//bpm,fused_centiles,55,0.03717529,0.3575077,0.09930550307035446,0.07291927933692932,/gpfs/data/bbj-lab/users/daniel/input-representation-benchmark/outputs/runs/ml4h_2026/models/ml4h_llama_exp1_meds_centiles_none_fusedTrue_discrete_time_tokens-s42/checkpoint-186135,/gpfs/data/bbj-lab/users/daniel/input-representation-benchmark/outputs/runs/tokenized/mimiciv-3.1_meds_70-10-20/centiles_none_fused_time_tokens_first_24h-tokenized/train/vocab.gzip
Heart rate,VTL_vital//220045//bpm,fused_centiles,57,0.018460222,0.27434084,0.09930550307035446,0.07291927933692932,/gpfs/data/bbj-lab/users/daniel/input-representation-benchmark/outputs/runs/ml4h_2026/models/ml4h_llama_exp1_meds_centiles_none_fusedTrue_discrete_time_tokens-s42/checkpoint-186135,/gpfs/data/bbj-lab/users/daniel/input-representation-benchmark/outputs/runs/tokenized/mimiciv-3.1_meds_70-10-20/centiles_none_fused_time_tokens_first_24h-tokenized/train/vocab.gzip
Heart rate,VTL_vital//220045//bpm,fused_centiles,59,-0.053760152,0.21151473,0.09930550307035446,0.07291927933692932,/gpfs/data/bbj-lab/users/daniel/input-representation-benchmark/outputs/runs/ml4h_2026/models/ml4h_llama_exp1_meds_centiles_none_fusedTrue_discrete_time_tokens-s42/checkpoint-186135,/gpfs/data/bbj-lab/users/daniel/input-representation-benchmark/outputs/runs/tokenized/mimiciv-3.1_meds_70-10-20/centiles_none_fused_time_tokens_first_24h-tokenized/train/vocab.gzip
Heart rate,VTL_vital//220045//bpm,fused_centiles,61,-0.114816636,0.4445713,0.09930550307035446,0.07291927933692932,/gpfs/data/bbj-lab/users/daniel/input-representation-benchmark/outputs/runs/ml4h_2026/models/ml4h_llama_exp1_meds_centiles_none_fusedTrue_discrete_time_tokens-s42/checkpoint-186135,/gpfs/data/bbj-lab/users/daniel/input-representation-benchmark/outputs/runs/tokenized/mimiciv-3.1_meds_70-10-20/centiles_none_fused_time_tokens_first_24h-tokenized/train/vocab.gzip
Heart rate,VTL_vital//220045//bpm,fused_centiles,63,-0.12168874,0.36679912,0.09930550307035446,0.07291927933692932,/gpfs/data/bbj-lab/users/daniel/input-representation-benchmark/outputs/runs/ml4h_2026/models/ml4h_llama_exp1_meds_centiles_none_fusedTrue_discrete_time_tokens-s42/checkpoint-186135,/gpfs/data/bbj-lab/users/daniel/input-representation-benchmark/outputs/runs/tokenized/mimiciv-3.1_meds_70-10-20/centiles_none_fused_time_tokens_first_24h-tokenized/train/vocab.gzip
Heart rate,VTL_vital//220045//bpm,fused_centiles,65,-0.08835657,0.36282822,0.09930550307035446,0.07291927933692932,/gpfs/data/bbj-lab/users/daniel/input-representation-benchmark/outputs/runs/ml4h_2026/models/ml4h_llama_exp1_meds_centiles_none_fusedTrue_discrete_time_tokens-s42/checkpoint-186135,/gpfs/data/bbj-lab/users/daniel/input-representation-benchmark/outputs/runs/tokenized/mimiciv-3.1_meds_70-10-20/centiles_none_fused_time_tokens_first_24h-tokenized/train/vocab.gzip
Heart rate,VTL_vital//220045//bpm,fused_centiles,67,-0.20006263,0.09348422,0.09930550307035446,0.07291927933692932,/gpfs/data/bbj-lab/users/daniel/input-representation-benchmark/outputs/runs/ml4h_2026/models/ml4h_llama_exp1_meds_centiles_none_fusedTrue_discrete_time_tokens-s42/checkpoint-186135,/gpfs/data/bbj-lab/users/daniel/input-representation-benchmark/outputs/runs/tokenized/mimiciv-3.1_meds_70-10-20/centiles_none_fused_time_tokens_first_24h-tokenized/train/vocab.gzip
Heart rate,VTL_vital//220045//bpm,fused_centiles,69,-0.20877571,0.3293097,0.09930550307035446,0.07291927933692932,/gpfs/data/bbj-lab/users/daniel/input-representation-benchmark/outputs/runs/ml4h_2026/models/ml4h_llama_exp1_meds_centiles_none_fusedTrue_discrete_time_tokens-s42/checkpoint-186135,/gpfs/data/bbj-lab/users/daniel/input-representation-benchmark/outputs/runs/tokenized/mimiciv-3.1_meds_70-10-20/centiles_none_fused_time_tokens_first_24h-tokenized/train/vocab.gzip
Heart rate,VTL_vital//220045//bpm,fused_centiles,71,-0.21634421,0.22919117,0.09930550307035446,0.07291927933692932,/gpfs/data/bbj-lab/users/daniel/input-representation-benchmark/outputs/runs/ml4h_2026/models/ml4h_llama_exp1_meds_centiles_none_fusedTrue_discrete_time_tokens-s42/checkpoint-186135,/gpfs/data/bbj-lab/users/daniel/input-representation-benchmark/outputs/runs/tokenized/mimiciv-3.1_meds_70-10-20/centiles_none_fused_time_tokens_first_24h-tokenized/train/vocab.gzip
Heart rate,VTL_vital//220045//bpm,fused_centiles,72,-0.31270406,0.051362354,0.09930550307035446,0.07291927933692932,/gpfs/data/bbj-lab/users/daniel/input-representation-benchmark/outputs/runs/ml4h_2026/models/ml4h_llama_exp1_meds_centiles_none_fusedTrue_discrete_time_tokens-s42/checkpoint-186135,/gpfs/data/bbj-lab/users/daniel/input-representation-benchmark/outputs/runs/tokenized/mimiciv-3.1_meds_70-10-20/centiles_none_fused_time_tokens_first_24h-tokenized/train/vocab.gzip
Heart rate,VTL_vital//220045//bpm,fused_centiles,74,-0.28344026,0.10735855,0.09930550307035446,0.07291927933692932,/gpfs/data/bbj-lab/users/daniel/input-representation-benchmark/outputs/runs/ml4h_2026/models/ml4h_llama_exp1_meds_centiles_none_fusedTrue_discrete_time_tokens-s42/checkpoint-186135,/gpfs/data/bbj-lab/users/daniel/input-representation-benchmark/outputs/runs/tokenized/mimiciv-3.1_meds_70-10-20/centiles_none_fused_time_tokens_first_24h-tokenized/train/vocab.gzip
Heart rate,VTL_vital//220045//bpm,fused_centiles,75,-0.31175652,0.20279692,0.09930550307035446,0.07291927933692932,/gpfs/data/bbj-lab/users/daniel/input-representation-benchmark/outputs/runs/ml4h_2026/models/ml4h_llama_exp1_meds_centiles_none_fusedTrue_discrete_time_tokens-s42/checkpoint-186135,/gpfs/data/bbj-lab/users/daniel/input-representation-benchmark/outputs/runs/tokenized/mimiciv-3.1_meds_70-10-20/centiles_none_fused_time_tokens_first_24h-tokenized/train/vocab.gzip
Heart rate,VTL_vital//220045//bpm,fused_centiles,77,-0.37427592,0.0045450293,0.09930550307035446,0.07291927933692932,/gpfs/data/bbj-lab/users/daniel/input-representation-benchmark/outputs/runs/ml4h_2026/models/ml4h_llama_exp1_meds_centiles_none_fusedTrue_discrete_time_tokens-s42/checkpoint-186135,/gpfs/data/bbj-lab/users/daniel/input-representation-benchmark/outputs/runs/tokenized/mimiciv-3.1_meds_70-10-20/centiles_none_fused_time_tokens_first_24h-tokenized/train/vocab.gzip
Heart rate,VTL_vital//220045//bpm,fused_centiles,78,-0.33425844,0.15890321,0.09930550307035446,0.07291927933692932,/gpfs/data/bbj-lab/users/daniel/input-representation-benchmark/outputs/runs/ml4h_2026/models/ml4h_llama_exp1_meds_centiles_none_fusedTrue_discrete_time_tokens-s42/checkpoint-186135,/gpfs/data/bbj-lab/users/daniel/input-representation-benchmark/outputs/runs/tokenized/mimiciv-3.1_meds_70-10-20/centiles_none_fused_time_tokens_first_24h-tokenized/train/vocab.gzip
Heart rate,VTL_vital//220045//bpm,fused_centiles,80,-0.40622503,-0.11750022,0.09930550307035446,0.07291927933692932,/gpfs/data/bbj-lab/users/daniel/input-representation-benchmark/outputs/runs/ml4h_2026/models/ml4h_llama_exp1_meds_centiles_none_fusedTrue_discrete_time_tokens-s42/checkpoint-186135,/gpfs/data/bbj-lab/users/daniel/input-representation-benchmark/outputs/runs/tokenized/mimiciv-3.1_meds_70-10-20/centiles_none_fused_time_tokens_first_24h-tokenized/train/vocab.gzip
Heart rate,VTL_vital//220045//bpm,fused_centiles,81,-0.40672734,0.0853902,0.09930550307035446,0.07291927933692932,/gpfs/data/bbj-lab/users/daniel/input-representation-benchmark/outputs/runs/ml4h_2026/models/ml4h_llama_exp1_meds_centiles_none_fusedTrue_discrete_time_tokens-s42/checkpoint-186135,/gpfs/data/bbj-lab/users/daniel/input-representation-benchmark/outputs/runs/tokenized/mimiciv-3.1_meds_70-10-20/centiles_none_fused_time_tokens_first_24h-tokenized/train/vocab.gzip
Heart rate,VTL_vital//220045//bpm,fused_centiles,82,-0.44288144,-0.15693238,0.09930550307035446,0.07291927933692932,/gpfs/data/bbj-lab/users/daniel/input-representation-benchmark/outputs/runs/ml4h_2026/models/ml4h_llama_exp1_meds_centiles_none_fusedTrue_discrete_time_tokens-s42/checkpoint-186135,/gpfs/data/bbj-lab/users/daniel/input-representation-benchmark/outputs/runs/tokenized/mimiciv-3.1_meds_70-10-20/centiles_none_fused_time_tokens_first_24h-tokenized/train/vocab.gzip
Heart rate,VTL_vital//220045//bpm,fused_centiles,83,-0.4358824,-0.18294588,0.09930550307035446,0.07291927933692932,/gpfs/data/bbj-lab/users/daniel/input-representation-benchmark/outputs/runs/ml4h_2026/models/ml4h_llama_exp1_meds_centiles_none_fusedTrue_discrete_time_tokens-s42/checkpoint-186135,/gpfs/data/bbj-lab/users/daniel/input-representation-benchmark/outputs/runs/tokenized/mimiciv-3.1_meds_70-10-20/centiles_none_fused_time_tokens_first_24h-tokenized/train/vocab.gzip
Heart rate,VTL_vital//220045//bpm,fused_centiles,85,-0.45411935,-0.19160269,0.09930550307035446,0.07291927933692932,/gpfs/data/bbj-lab/users/daniel/input-representation-benchmark/outputs/runs/ml4h_2026/models/ml4h_llama_exp1_meds_centiles_none_fusedTrue_discrete_time_tokens-s42/checkpoint-186135,/gpfs/data/bbj-lab/users/daniel/input-representation-benchmark/outputs/runs/tokenized/mimiciv-3.1_meds_70-10-20/centiles_none_fused_time_tokens_first_24h-tokenized/train/vocab.gzip
Heart rate,VTL_vital//220045//bpm,fused_centiles,86,-0.46677166,-0.14363481,0.09930550307035446,0.07291927933692932,/gpfs/data/bbj-lab/users/daniel/input-representation-benchmark/outputs/runs/ml4h_2026/models/ml4h_llama_exp1_meds_centiles_none_fusedTrue_discrete_time_tokens-s42/checkpoint-186135,/gpfs/data/bbj-lab/users/daniel/input-representation-benchmark/outputs/runs/tokenized/mimiciv-3.1_meds_70-10-20/centiles_none_fused_time_tokens_first_24h-tokenized/train/vocab.gzip
Heart rate,VTL_vital//220045//bpm,fused_centiles,87,-0.45696527,-0.2170875,0.09930550307035446,0.07291927933692932,/gpfs/data/bbj-lab/users/daniel/input-representation-benchmark/outputs/runs/ml4h_2026/models/ml4h_llama_exp1_meds_centiles_none_fusedTrue_discrete_time_tokens-s42/checkpoint-186135,/gpfs/data/bbj-lab/users/daniel/input-representation-benchmark/outputs/runs/tokenized/mimiciv-3.1_meds_70-10-20/centiles_none_fused_time_tokens_first_24h-tokenized/train/vocab.gzip
Heart rate,VTL_vital//220045//bpm,fused_centiles,88,-0.44972304,-0.08632958,0.09930550307035446,0.07291927933692932,/gpfs/data/bbj-lab/users/daniel/input-representation-benchmark/outputs/runs/ml4h_2026/models/ml4h_llama_exp1_meds_centiles_none_fusedTrue_discrete_time_tokens-s42/checkpoint-186135,/gpfs/data/bbj-lab/users/daniel/input-representation-benchmark/outputs/runs/tokenized/mimiciv-3.1_meds_70-10-20/centiles_none_fused_time_tokens_first_24h-tokenized/train/vocab.gzip
Heart rate,VTL_vital//220045//bpm,fused_centiles,89,-0.43722987,-0.17658599,0.09930550307035446,0.07291927933692932,/gpfs/data/bbj-lab/users/daniel/input-representation-benchmark/outputs/runs/ml4h_2026/models/ml4h_llama_exp1_meds_centiles_none_fusedTrue_discrete_time_tokens-s42/checkpoint-186135,/gpfs/data/bbj-lab/users/daniel/input-representation-benchmark/outputs/runs/tokenized/mimiciv-3.1_meds_70-10-20/centiles_none_fused_time_tokens_first_24h-tokenized/train/vocab.gzip
Heart rate,VTL_vital//220045//bpm,fused_centiles,90,-0.46407324,-0.19686079,0.09930550307035446,0.07291927933692932,/gpfs/data/bbj-lab/users/daniel/input-representation-benchmark/outputs/runs/ml4h_2026/models/ml4h_llama_exp1_meds_centiles_none_fusedTrue_discrete_time_tokens-s42/checkpoint-186135,/gpfs/data/bbj-lab/users/daniel/input-representation-benchmark/outputs/runs/tokenized/mimiciv-3.1_meds_70-10-20/centiles_none_fused_time_tokens_first_24h-tokenized/train/vocab.gzip
Heart rate,VTL_vital//220045//bpm,fused_centiles,91,-0.408747,-0.17421874,0.09930550307035446,0.07291927933692932,/gpfs/data/bbj-lab/users/daniel/input-representation-benchmark/outputs/runs/ml4h_2026/models/ml4h_llama_exp1_meds_centiles_none_fusedTrue_discrete_time_tokens-s42/checkpoint-186135,/gpfs/data/bbj-lab/users/daniel/input-representation-benchmark/outputs/runs/tokenized/mimiciv-3.1_meds_70-10-20/centiles_none_fused_time_tokens_first_24h-tokenized/train/vocab.gzip
Heart rate,VTL_vital//220045//bpm,fused_centiles,92,-0.33475327,-0.15146998,0.09930550307035446,0.07291927933692932,/gpfs/data/bbj-lab/users/daniel/input-representation-benchmark/outputs/runs/ml4h_2026/models/ml4h_llama_exp1_meds_centiles_none_fusedTrue_discrete_time_tokens-s42/checkpoint-186135,/gpfs/data/bbj-lab/users/daniel/input-representation-benchmark/outputs/runs/tokenized/mimiciv-3.1_meds_70-10-20/centiles_none_fused_time_tokens_first_24h-tokenized/train/vocab.gzip
Heart rate,VTL_vital//220045//bpm,fused_centiles,93,-0.33197445,0.024058579,0.09930550307035446,0.07291927933692932,/gpfs/data/bbj-lab/users/daniel/input-representation-benchmark/outputs/runs/ml4h_2026/models/ml4h_llama_exp1_meds_centiles_none_fusedTrue_discrete_time_tokens-s42/checkpoint-186135,/gpfs/data/bbj-lab/users/daniel/input-representation-benchmark/outputs/runs/tokenized/mimiciv-3.1_meds_70-10-20/centiles_none_fused_time_tokens_first_24h-tokenized/train/vocab.gzip
Heart rate,VTL_vital//220045//bpm,fused_centiles,94,-0.31967804,0.032375153,0.09930550307035446,0.07291927933692932,/gpfs/data/bbj-lab/users/daniel/input-representation-benchmark/outputs/runs/ml4h_2026/models/ml4h_llama_exp1_meds_centiles_none_fusedTrue_discrete_time_tokens-s42/checkpoint-186135,/gpfs/data/bbj-lab/users/daniel/input-representation-benchmark/outputs/runs/tokenized/mimiciv-3.1_meds_70-10-20/centiles_none_fused_time_tokens_first_24h-tokenized/train/vocab.gzip
Heart rate,VTL_vital//220045//bpm,fused_centiles,95,-0.254642,-0.038149282,0.09930550307035446,0.07291927933692932,/gpfs/data/bbj-lab/users/daniel/input-representation-benchmark/outputs/runs/ml4h_2026/models/ml4h_llama_exp1_meds_centiles_none_fusedTrue_discrete_time_tokens-s42/checkpoint-186135,/gpfs/data/bbj-lab/users/daniel/input-representation-benchmark/outputs/runs/tokenized/mimiciv-3.1_meds_70-10-20/centiles_none_fused_time_tokens_first_24h-tokenized/train/vocab.gzip
Heart rate,VTL_vital//220045//bpm,fused_centiles,96,-0.25662407,0.04473045,0.09930550307035446,0.07291927933692932,/gpfs/data/bbj-lab/users/daniel/input-representation-benchmark/outputs/runs/ml4h_2026/models/ml4h_llama_exp1_meds_centiles_none_fusedTrue_discrete_time_tokens-s42/checkpoint-186135,/gpfs/data/bbj-lab/users/daniel/input-representation-benchmark/outputs/runs/tokenized/mimiciv-3.1_meds_70-10-20/centiles_none_fused_time_tokens_first_24h-tokenized/train/vocab.gzip
Heart rate,VTL_vital//220045//bpm,fused_centiles,97,-0.24080695,-0.12385441,0.09930550307035446,0.07291927933692932,/gpfs/data/bbj-lab/users/daniel/input-representation-benchmark/outputs/runs/ml4h_2026/models/ml4h_llama_exp1_meds_centiles_none_fusedTrue_discrete_time_tokens-s42/checkpoint-186135,/gpfs/data/bbj-lab/users/daniel/input-representation-benchmark/outputs/runs/tokenized/mimiciv-3.1_meds_70-10-20/centiles_none_fused_time_tokens_first_24h-tokenized/train/vocab.gzip
Heart rate,VTL_vital//220045//bpm,fused_centiles,98,-0.21450168,-0.0343625,0.09930550307035446,0.07291927933692932,/gpfs/data/bbj-lab/users/daniel/input-representation-benchmark/outputs/runs/ml4h_2026/models/ml4h_llama_exp1_meds_centiles_none_fusedTrue_discrete_time_tokens-s42/checkpoint-186135,/gpfs/data/bbj-lab/users/daniel/input-representation-benchmark/outputs/runs/tokenized/mimiciv-3.1_meds_70-10-20/centiles_none_fused_time_tokens_first_24h-tokenized/train/vocab.gzip
Heart rate,VTL_vital//220045//bpm,fused_centiles,99,-0.20896596,0.30325842,0.09930550307035446,0.07291927933692932,/gpfs/data/bbj-lab/users/daniel/input-representation-benchmark/outputs/runs/ml4h_2026/models/ml4h_llama_exp1_meds_centiles_none_fusedTrue_discrete_time_tokens-s42/checkpoint-186135,/gpfs/data/bbj-lab/users/daniel/input-representation-benchmark/outputs/runs/tokenized/mimiciv-3.1_meds_70-10-20/centiles_none_fused_time_tokens_first_24h-tokenized/train/vocab.gzip
